datetime,active_electricity,outdoor_temperature,indoor_temperature
01-10-22 3:00,693.1875,27.76960656,21.41666667
01-10-22 4:00,460.0375,27.92439519,21.08333333
01-10-22 5:00,448.0125,28.07918382,21.25
01-10-22 6:00,462.2875,28.23397245,21.58333333
01-10-22 7:00,449.25,28.38876108,21.91666667
01-10-22 8:00,449.425,28.54354971,22.75
01-10-22 9:00,1136.7875,28.69833834,23.75
01-10-22 10:00,858.1375,28.85312697,24.75
01-10-22 11:00,1419.5125,28.85241337,25.5
01-10-22 12:00,1116.6875,28.81903123,26.16666667
01-10-22 13:00,1377.5875,28.7856491,26.83333333
01-10-22 14:00,1561.1,28.75226696,27
01-10-22 15:00,717.35,28.71888482,27
01-10-22 16:00,789.9125,28.68550268,27
01-10-22 17:00,746.4125,28.65212055,26.75
01-10-22 18:00,1769.8,28.61873841,26.41666667
01-10-22 19:00,2462.85,28.58535627,26.08333333
01-10-22 20:00,2320.9125,28.55197413,25.5
01-10-22 21:00,1860.125,28.518592,24.83333333
01-10-22 22:00,1094.15,28.49098361,24.16666667
01-10-22 23:00,1324.075,28.47063313,24.25
02-10-22 0:00,1326.35,28.45028265,24.58333333
02-10-22 1:00,1046.4125,28.42993217,24.91666667
02-10-22 2:00,889.9,28.40958168,25
02-10-22 3:00,755,28.3892312,25
02-10-22 4:00,681.1,28.42827062,25
02-10-22 5:00,799.4,28.51661542,26
02-10-22 6:00,612.45,28.60496023,27.33333333
02-10-22 7:00,698.8,28.69330503,28.66666667
02-10-22 8:00,645.75,28.78164984,29.25
02-10-22 9:00,981.15,28.86999464,29.58333333
02-10-22 10:00,924.7,28.95833944,29.91666667
02-10-22 11:00,861.25,29.04668425,29.75
02-10-22 12:00,1857.75,29.13502905,29.41666667
02-10-22 13:00,1763.15,29.22337386,29.08333333
02-10-22 14:00,1946.825,29.20397482,28.75
02-10-22 15:00,861.575,29.13809384,28.41666667
02-10-22 16:00,923.775,29.07221287,28.08333333
02-10-22 17:00,1548.2625,29.00633189,27.5
02-10-22 18:00,1704.1125,28.94045092,26.83333333
02-10-22 19:00,1553.9,28.87456994,26.16666667
02-10-22 20:00,1181.025,28.80868897,25.5
02-10-22 21:00,1249.425,28.74280799,24.83333333
02-10-22 22:00,1152.725,28.67692702,24.16666667
02-10-22 23:00,1150.2,28.61104604,24
03-10-22 0:00,1082.8,28.54516507,24
03-10-22 1:00,864.1,28.49463846,24
03-10-22 2:00,738.95,28.47758762,24
03-10-22 3:00,458.425,28.46053679,24
03-10-22 4:00,451.9,28.44348595,24
03-10-22 5:00,453.5,28.42643511,23.75
03-10-22 6:00,418.9,28.40938428,23.41666667
03-10-22 7:00,492.8,28.39233344,23.08333333
03-10-22 8:00,549.55,28.51359434,23.25
03-10-22 9:00,629.4,28.99646547,23.58333333
03-10-22 10:00,732.05,28.89287297,23.91666667
03-10-22 11:00,1566,28.58766307,24.25
03-10-22 12:00,3061.65,28.18251447,24.58333333
03-10-22 13:00,1983.1,27.82969849,24.91666667
03-10-22 14:00,1330.4,27.56493099,25
03-10-22 15:00,1553,27.24657283,25
03-10-22 16:00,1475.55,27.22559018,25
03-10-22 17:00,1234.1,27.20460752,25
03-10-22 18:00,1445.8,27.18362486,25
03-10-22 19:00,1189,27.16264221,25
03-10-22 20:00,1700.3,27.14165955,23.75
03-10-22 21:00,1595.05,27.1206769,22.08333333
03-10-22 22:00,1482.85,27.09969424,20.41666667
03-10-22 23:00,1492.55,27.07871158,19.5
04-10-22 0:00,1490.6,27.05772893,18.83333333
04-10-22 1:00,1069.25,27.03674627,18.16666667
04-10-22 2:00,731,27.01576361,17.75
04-10-22 3:00,600.4,26.99478096,17.41666667
04-10-22 4:00,563.6375,26.9737983,17.08333333
04-10-22 5:00,602.0125,26.95281565,17
04-10-22 6:00,476.1,26.93183299,17
04-10-22 7:00,590.275,26.91085033,17
04-10-22 8:00,378.125,26.88986768,18.5
04-10-22 9:00,687.1625,27.26509693,20.5
04-10-22 10:00,618.7375,27.27152863,22.5
04-10-22 11:00,1016.6875,27.14269427,23.5
04-10-22 12:00,1224.05,27.01385992,24.16666667
04-10-22 13:00,2413.3125,26.88502556,24.83333333
04-10-22 14:00,2361.3125,26.75619121,25
04-10-22 15:00,2913.825,26.96761787,25
04-10-22 16:00,1035.6375,27.19622141,25
04-10-22 17:00,812.1,27.42482495,24.5
04-10-22 18:00,874.275,27.65342849,23.83333333
04-10-22 19:00,1023.95,27.87970335,23.16666667
04-10-22 20:00,1373.5,27.84633017,22.75
04-10-22 21:00,1099.5,27.81295699,22.41666667
04-10-22 22:00,819.75,27.77958381,22.08333333
04-10-22 23:00,949.9375,27.74621063,21.75
05-10-22 0:00,917.775,27.71283745,21.41666667
05-10-22 1:00,1242.2125,27.67946427,21.08333333
05-10-22 2:00,518.225,27.64609109,21
05-10-22 3:00,500,27.61271791,21
05-10-22 4:00,425.05,27.57934473,21
05-10-22 5:00,474.25,27.54597155,20.75
05-10-22 6:00,418.85,27.51259838,20.41666667
05-10-22 7:00,450.6,27.43615385,20.08333333
05-10-22 8:00,419.45,26.03458167,20.25
05-10-22 9:00,881.975,25.79925966,20.58333333
05-10-22 10:00,1638.325,26.01942308,20.91666667
05-10-22 11:00,1077.5125,26.68510355,21.5
05-10-22 12:00,895.4625,26.54003472,22.16666667
05-10-22 13:00,1179.625,26.05932968,22.83333333
05-10-22 14:00,1473.375,26.03128442,23
05-10-22 15:00,1019.475,26.34690096,23
05-10-22 16:00,1309.475,26.85991828,23
05-10-22 17:00,771.75,26.81851267,22.5
05-10-22 18:00,804.35,26.77710706,21.83333333
05-10-22 19:00,1021.35,26.73570144,21.16666667
05-10-22 20:00,1239.425,26.69429583,21
05-10-22 21:00,1014.625,26.65289022,21
05-10-22 22:00,1002.975,26.61148461,21
05-10-22 23:00,803.5045455,26.570079,20.75
06-10-22 0:00,270.1363636,26.52867339,20.41666667
06-10-22 1:00,270.1363636,26.48726777,20.08333333
06-10-22 2:00,270.1363636,26.44586216,20.25
06-10-22 3:00,270.1363636,26.40445655,20.58333333
06-10-22 4:00,270.1363636,26.36305094,20.91666667
06-10-22 5:00,270.1363636,26.32164533,20.75
06-10-22 6:00,270.1363636,26.28023972,20.41666667
06-10-22 7:00,270.1363636,26.23883411,20.08333333
06-10-22 8:00,2589.679545,26.19742849,20
06-10-22 9:00,598.475,26.15602288,20
06-10-22 10:00,833.2,26.14786369,20
06-10-22 11:00,1326.05,26.36219976,20.5
06-10-22 12:00,1912.6125,26.57653584,21.16666667
06-10-22 13:00,1690.825,26.79087192,21.83333333
06-10-22 14:00,1132.2875,26.88,22.25
06-10-22 15:00,923.1,26.88,22.58333333
06-10-22 16:00,946.9375,26.88,22.91666667
06-10-22 17:00,990.875,26.88,22.5
06-10-22 18:00,724.7,26.88,21.83333333
06-10-22 19:00,1150.9125,26.88,21.16666667
06-10-22 20:00,1282.9,26.88,21
06-10-22 21:00,1007.9375,26.88,21
06-10-22 22:00,788.9125,26.88,21
06-10-22 23:00,941.725,26.88,21
07-10-22 0:00,742.3375,26.88,21
07-10-22 1:00,582.725,26.87636114,21
07-10-22 2:00,398.2375,26.85743063,21
07-10-22 3:00,460.575,26.83850012,21
07-10-22 4:00,444.9875,26.81956961,21
07-10-22 5:00,461.775,26.80063911,20.75
07-10-22 6:00,418.3125,26.7817086,20.41666667
07-10-22 7:00,427.825,26.76277809,20.08333333
07-10-22 8:00,424.925,26.64327951,20.25
07-10-22 9:00,783.7375,26.31490879,20.58333333
07-10-22 10:00,1190.2,25.98653806,20.91666667
07-10-22 11:00,1175.0125,25.9807081,21.5
07-10-22 12:00,1305.6125,26.1297826,22.16666667
07-10-22 13:00,2009.3,26.2788571,22.83333333
07-10-22 14:00,2023.85,26.42793159,23
07-10-22 15:00,2456.8,26.57700609,23
07-10-22 16:00,1577.6625,26.72608058,23
07-10-22 17:00,1146.05,26.87515508,22.5
07-10-22 18:00,1086.925,26.84772641,21.83333333
07-10-22 19:00,1129.75,26.81436869,21.16666667
07-10-22 20:00,1282.45,26.78101097,21
07-10-22 21:00,1105.325,26.74765326,21
07-10-22 22:00,1149.8,26.71429554,21
07-10-22 23:00,1005.175,26.68093782,21
08-10-22 0:00,991.775,26.6475801,21
08-10-22 1:00,643.075,26.61422238,21
08-10-22 2:00,480.025,26.58086467,21
08-10-22 3:00,510.25,26.54750695,21
08-10-22 4:00,443.725,26.51414923,21
08-10-22 5:00,444.375,26.51920474,21
08-10-22 6:00,385.375,26.55255595,21
08-10-22 7:00,430.925,26.58590716,21
08-10-22 8:00,402.675,26.61925837,21
08-10-22 9:00,616.225,26.65260959,21
08-10-22 10:00,1165.65,26.6859608,21
08-10-22 11:00,951.9,26.71931201,21.25
08-10-22 12:00,1349.575,26.75266322,21.58333333
08-10-22 13:00,1103.625,26.78601443,21.91666667
08-10-22 14:00,751,26.81936564,22
08-10-22 15:00,1585.65,26.85271686,22
08-10-22 16:00,868.4,26.86994101,22
08-10-22 17:00,899.55,26.81465495,21.75
08-10-22 18:00,975.175,26.75936889,21.41666667
08-10-22 19:00,1007.375,26.70408283,21.08333333
08-10-22 20:00,1150.9,26.64879677,21
08-10-22 21:00,1093.2,26.59351071,21
08-10-22 22:00,769.45,26.53822465,21
08-10-22 23:00,613.65,26.4829386,21
09-10-22 0:00,531.5,26.42765254,21
09-10-22 1:00,626.65,26.37236648,21
09-10-22 2:00,530.65,26.31708042,20.75
09-10-22 3:00,564.3,26.26179436,20.41666667
09-10-22 4:00,588.3,26.26120732,20.08333333
09-10-22 5:00,538.5,26.27545391,19.75
09-10-22 6:00,524,26.2897005,19.41666667
09-10-22 7:00,456.25,26.3039471,19.08333333
09-10-22 8:00,506.45,26.31819369,19.25
09-10-22 9:00,1097.75,26.33244028,19.58333333
09-10-22 10:00,1256.75,26.34668688,19.91666667
09-10-22 11:00,1533.85,26.36093347,20.75
09-10-22 12:00,1433.85,26.37518006,21.75
09-10-22 13:00,1961.85,26.38942665,22.75
09-10-22 14:00,2078.35,26.40367325,23
09-10-22 15:00,2404.8,26.41791984,23
09-10-22 16:00,1144.7,26.43216643,23
09-10-22 17:00,879.1,26.44641302,22.75
09-10-22 18:00,1007.3,26.46065962,22.41666667
09-10-22 19:00,922.25,26.47490621,22.08333333
09-10-22 20:00,1149.3,26.4891528,21.75
09-10-22 21:00,1888.15,26.48290273,21.41666667
09-10-22 22:00,1420.05,26.41124944,21.08333333
09-10-22 23:00,1033.15,26.33959615,20.25
10-10-22 0:00,859.8,26.26794286,19.25
10-10-22 1:00,520.85,26.19628957,18.25
10-10-22 2:00,481.9,26.12463628,17.5
10-10-22 3:00,502.45,26.05298299,16.83333333
10-10-22 4:00,557.7,25.9813297,16.16666667
10-10-22 5:00,515.45,25.9096764,16
10-10-22 6:00,507.8,25.63240667,16
10-10-22 7:00,461.45,25.20977225,16
10-10-22 8:00,685.5,23.91760446,17.25
10-10-22 9:00,838.3125,24.94614964,18.91666667
10-10-22 10:00,882.425,25.8605069,20.58333333
10-10-22 11:00,1389.85,25.81532007,21.5
10-10-22 12:00,992.2,25.77013324,22.16666667
10-10-22 13:00,1485.675,25.77432189,22.83333333
10-10-22 14:00,1482.275,25.81818902,23
10-10-22 15:00,1626.9625,25.86205615,23
10-10-22 16:00,1353.65,25.90592328,23
10-10-22 17:00,1210.85,25.94979041,22.75
10-10-22 18:00,1067.575,25.99365754,22.41666667
10-10-22 19:00,1450.15,26.03752468,22.08333333
10-10-22 20:00,1293.25,26.08139181,21.75
10-10-22 21:00,1557.825,26.12525894,21.41666667
10-10-22 22:00,1174.15,26.16912607,21.08333333
10-10-22 23:00,796.25,26.2129932,20
11-10-22 0:00,869.6,26.22238912,18.66666667
11-10-22 1:00,861.975,26.04583641,17.33333333
11-10-22 2:00,603.425,25.86928369,16.75
11-10-22 3:00,569.425,25.69273098,16.41666667
11-10-22 4:00,572.5,25.51617827,16.08333333
11-10-22 5:00,581.6625,25.33962556,16
11-10-22 6:00,617.5125,25.16307285,16
11-10-22 7:00,573.4875,24.98652014,16
11-10-22 8:00,549.4875,23.91643725,16.75
11-10-22 9:00,748.2875,22.88220459,17.75
11-10-22 10:00,1215.925,23.67585538,18.75
11-10-22 11:00,1781.5625,25.40359458,20
11-10-22 12:00,1917.35,25.88713071,21.33333333
11-10-22 13:00,1043.675,25.89765574,22.66666667
11-10-22 14:00,1275.225,25.90818078,23.25
11-10-22 15:00,1178.125,25.91870581,23.58333333
11-10-22 16:00,1083.175,25.92923084,23.91666667
11-10-22 17:00,1038,25.93975588,23.75
11-10-22 18:00,1033,25.95028091,23.41666667
11-10-22 19:00,1113.25,25.96080594,23.08333333
11-10-22 20:00,1597.6,25.97133098,22.25
11-10-22 21:00,1732.075,25.98185601,21.25
11-10-22 22:00,1292.8875,25.99238105,20.25
11-10-22 23:00,1424.7125,25.96212468,19.5
12-10-22 0:00,1029.9125,25.82495046,18.83333333
12-10-22 1:00,721.6375,25.68777625,18.16666667
12-10-22 2:00,620.75,25.55060204,17.75
12-10-22 3:00,599,25.41342783,17.41666667
12-10-22 4:00,590.575,25.27625362,17.08333333
12-10-22 5:00,588.8,25.13907941,17
12-10-22 6:00,598.2875,25.0019052,17
12-10-22 7:00,583.4,24.86473099,17
12-10-22 8:00,569.9875,24.63607603,18
12-10-22 9:00,962.9,23.93976656,19.33333333
12-10-22 10:00,1392.175,25.49328512,20.66666667
12-10-22 11:00,1551.7875,25.62205179,21.25
12-10-22 12:00,2008.475,25.5259358,21.58333333
12-10-22 13:00,1944.9875,25.67182468,21.91666667
12-10-22 14:00,1088.7,25.81771355,22.5
12-10-22 15:00,1507.625,25.9360344,23.16666667
12-10-22 16:00,1441.525,26.03381621,23.83333333
12-10-22 17:00,1376.625,26.11615119,23.5
12-10-22 18:00,1447.725,26.08370216,22.83333333
12-10-22 19:00,1261.25,26.05125314,22.16666667
12-10-22 20:00,1745.975,26.01880411,21.75
12-10-22 21:00,1828.375,25.98635509,21.41666667
12-10-22 22:00,1431.025,25.95390606,21.08333333
12-10-22 23:00,962.85,25.92145704,21
13-10-22 0:00,898.525,25.88900801,21
13-10-22 1:00,539.95,25.85655899,21
13-10-22 2:00,509.05,25.82410997,21
13-10-22 3:00,501.125,25.79166094,21
13-10-22 4:00,503.05,25.75921192,21
13-10-22 5:00,430.65,25.75,21
13-10-22 6:00,470.85,25.75,21
13-10-22 7:00,413.375,25.75,21
13-10-22 8:00,443.375,25.75,21
13-10-22 9:00,848.25,25.75,21
13-10-22 10:00,636.475,25.75,21
13-10-22 11:00,865.025,25.78256706,21.5
13-10-22 12:00,1028.4375,25.86303473,22.16666667
13-10-22 13:00,943.05,25.87100774,22.83333333
13-10-22 14:00,837.15,25.85961312,23
13-10-22 15:00,2459.55,25.84821849,23
13-10-22 16:00,1757.2875,25.83682387,23
13-10-22 17:00,953.925,25.82542925,22.75
13-10-22 18:00,1000.3625,25.81403462,22.41666667
13-10-22 19:00,1014.3625,25.80264,22.08333333
13-10-22 20:00,1537.8625,25.79124537,21.75
13-10-22 21:00,916.0875,25.77985075,21.41666667
13-10-22 22:00,870.35,25.76845613,21.08333333
13-10-22 23:00,992.5375,25.7570615,20.75
14-10-22 0:00,839.2625,25.70408659,20.41666667
14-10-22 1:00,886.25,25.5833501,20.08333333
14-10-22 2:00,523.3125,25.46261361,20
14-10-22 3:00,423.2125,25.34187712,20
14-10-22 4:00,416.3875,25.22114062,20
14-10-22 5:00,445.7,25.10040413,19.25
14-10-22 6:00,410.5,24.97966764,18.25
14-10-22 7:00,386.975,24.85893115,17.25
14-10-22 8:00,624.075,23.72662186,17.75
14-10-22 9:00,823.625,23.65776471,18.75
14-10-22 10:00,1143.6625,25.17294974,19.75
14-10-22 11:00,845.2,26.25040464,20.75
14-10-22 12:00,1643.275,26.75,21.75
14-10-22 13:00,1597.175,26.68820912,22.75
14-10-22 14:00,1950.925,26.60018095,23
14-10-22 15:00,1632.1375,26.51215278,23
14-10-22 16:00,1091.7125,26.42412461,23
14-10-22 17:00,1254.8625,26.33609644,22.75
14-10-22 18:00,1282.85,26.24806827,22.41666667
14-10-22 19:00,1478.975,26.1600401,22.08333333
14-10-22 20:00,1551.55,26.07201193,21.75
14-10-22 21:00,1311.3625,25.98398376,21.41666667
14-10-22 22:00,1045.9625,25.89595559,21.08333333
14-10-22 23:00,903.475,25.80792743,20.5
15-10-22 0:00,1052.4,25.7461031,19.83333333
15-10-22 1:00,581.4875,25.73470681,19.16666667
15-10-22 2:00,495.5,25.72331052,18.5
15-10-22 3:00,467.375,25.71191424,17.83333333
15-10-22 4:00,453.7,25.70051795,17.16666667
15-10-22 5:00,396.6,25.68912166,17
15-10-22 6:00,449.55,25.67772537,17
15-10-22 7:00,446.55,25.66632908,17
15-10-22 8:00,482.625,25.65493279,17.75
15-10-22 9:00,696.85,25.6435365,18.75
15-10-22 10:00,787.85,25.63214021,19.75
15-10-22 11:00,724.125,25.62074392,19.5
15-10-22 12:00,803.975,25.58017115,18.83333333
15-10-22 13:00,1733.95,25.53756078,18.16666667
15-10-22 14:00,1388.95,25.49495042,18.25
15-10-22 15:00,1113.5625,25.45234005,18.58333333
15-10-22 16:00,1101.2,25.40972969,18.91666667
15-10-22 17:00,1148.2875,25.36711932,19
15-10-22 18:00,1167.45,25.32450896,19
15-10-22 19:00,1039.675,25.28189859,19
15-10-22 20:00,1139.2375,25.2444895,19.25
15-10-22 21:00,1290.5875,25.22256929,19.58333333
15-10-22 22:00,664.0625,25.20064908,19.91666667
15-10-22 23:00,612.7375,25.17872887,20
16-10-22 0:00,585.45,25.15680866,20
16-10-22 1:00,816.8625,25.13488845,20
16-10-22 2:00,599.4625,25.11296824,20
16-10-22 3:00,442.4,25.09104803,20
16-10-22 4:00,394.85,25.06912782,20
16-10-22 5:00,416.975,25.04720761,20
16-10-22 6:00,425.6,25.0252874,20
16-10-22 7:00,452.1875,25.00336719,20
16-10-22 8:00,496.2125,24.95767397,20
16-10-22 9:00,799.1375,24.90766619,20
16-10-22 10:00,1341.05,24.85765841,20
16-10-22 11:00,710.95,24.80765063,20.5
16-10-22 12:00,797.4875,24.75764286,21.16666667
16-10-22 13:00,2441.8625,24.70763508,21.83333333
16-10-22 14:00,1312.7625,24.6576273,21.75
16-10-22 15:00,1426.9875,24.60761952,21.41666667
16-10-22 16:00,3209.45,24.55761174,21.08333333
16-10-22 17:00,1165.0875,24.50760396,20.75
16-10-22 18:00,1073.325,24.45759618,20.41666667
16-10-22 19:00,1166.975,24.4075884,20.08333333
16-10-22 20:00,1524.1875,24.35758062,20
16-10-22 21:00,1545.8125,24.30757284,20
16-10-22 22:00,913.225,24.25756507,20
16-10-22 23:00,864.5375,24.20755729,20
17-10-22 0:00,978.1875,24.15754951,20
17-10-22 1:00,642.775,24.10754173,20
17-10-22 2:00,622.85,24.05753395,20
17-10-22 3:00,601.4,24.00752617,20
17-10-22 4:00,561,23.95751839,20
17-10-22 5:00,960.25,23.90751061,19.75
17-10-22 6:00,751.55,23.85750283,19.41666667
17-10-22 7:00,511.6,23.80749505,19.08333333
17-10-22 8:00,423.05,23.75748728,19
17-10-22 9:00,949.5,23.7872729,19
17-10-22 10:00,1288.15,23.83110905,19
17-10-22 11:00,1804.8,23.8749452,19.25
17-10-22 12:00,2299.6,23.91878136,19.58333333
17-10-22 13:00,2037.75,23.96261751,19.91666667
17-10-22 14:00,1789.75,24.00645366,19.75
17-10-22 15:00,1384.05,24.05028981,19.41666667
17-10-22 16:00,2070.2,24.09412596,19.08333333
17-10-22 17:00,997.05,24.13796211,19
17-10-22 18:00,828.5,24.18179826,19
17-10-22 19:00,1458.25,24.22563441,19
17-10-22 20:00,1648.1,24.24026922,19
17-10-22 21:00,1857.9,24.21836129,19
17-10-22 22:00,927.7,24.19645335,19
17-10-22 23:00,641.05,24.17454541,19.25
18-10-22 0:00,690.25,24.15263747,19.58333333
18-10-22 1:00,515.05,24.13072953,19.91666667
18-10-22 2:00,449.95,24.1088216,20
18-10-22 3:00,417.8,24.08691366,20
18-10-22 4:00,518.8,24.06500572,20
18-10-22 5:00,459.5,24.04309778,20
18-10-22 6:00,422.45,24.02118984,20
18-10-22 7:00,440.35,23.98355955,20
18-10-22 8:00,416.25,23.48198652,19.75
18-10-22 9:00,1086.3,23.4317311,19.41666667
18-10-22 10:00,2037.975,23.49666553,19.08333333
18-10-22 11:00,1047.95,23.56159996,19
18-10-22 12:00,944.95,23.62653439,19
18-10-22 13:00,1100.425,23.69146882,19
18-10-22 14:00,1073.675,23.75640326,19.5
18-10-22 15:00,586.7625,23.82133769,20.16666667
18-10-22 16:00,581.9875,23.88627212,20.83333333
18-10-22 17:00,733.375,23.95120655,20.75
18-10-22 18:00,943.875,24.01614098,20.41666667
18-10-22 19:00,1376.8875,24.08107542,20.08333333
18-10-22 20:00,1438.175,24.10700205,20
18-10-22 21:00,1150.1875,24.07455223,20
18-10-22 22:00,1174.375,24.04210242,20
18-10-22 23:00,1070.775,24.0096526,19.75
19-10-22 0:00,912.625,23.97720279,19.41666667
19-10-22 1:00,529.475,23.94475297,19.08333333
19-10-22 2:00,458.5,23.91230316,19
19-10-22 3:00,419.15,23.87985334,19
19-10-22 4:00,374.8125,23.84740353,19
19-10-22 5:00,465.875,23.81495371,19
19-10-22 6:00,460.4625,23.7825039,19
19-10-22 7:00,352.1125,23.75005408,19
19-10-22 8:00,432.6,23.78239415,19.25
19-10-22 9:00,614.2,23.81484239,19.58333333
19-10-22 10:00,1377.775,23.84729062,19.91666667
19-10-22 11:00,3116.6375,23.87973886,20
19-10-22 12:00,1656.0875,23.91218709,20
19-10-22 13:00,1344.3375,23.94463532,20
19-10-22 14:00,1515.35,23.97708356,20
19-10-22 15:00,1816.65,24.00953179,20
19-10-22 16:00,1563.1125,24.04198002,20
19-10-22 17:00,998.7,24.07442826,20
19-10-22 18:00,1025.0125,24.10687649,20
19-10-22 19:00,1426.6125,24.09194378,20
19-10-22 20:00,1650.4625,24.04483446,20
19-10-22 21:00,1414.1375,23.99772514,20
19-10-22 22:00,1306.6125,23.95061582,20
19-10-22 23:00,1106.15,23.9035065,19.75
20-10-22 0:00,952.75,23.85639718,19.41666667
20-10-22 1:00,929.6,23.80928786,19.08333333
20-10-22 2:00,549.6625,23.76217854,18.5
20-10-22 3:00,526.6,23.71506922,17.83333333
20-10-22 4:00,561.5,23.6679599,17.16666667
20-10-22 5:00,510.1625,23.62085058,17
20-10-22 6:00,623.5125,23.68545818,17
20-10-22 7:00,576.675,23.75211997,17
20-10-22 8:00,647.375,23.81878177,17.75
20-10-22 9:00,791.7125,23.88544356,18.75
20-10-22 10:00,1502.85,23.95210535,19.75
20-10-22 11:00,1651.025,24.01876715,20.25
20-10-22 12:00,2325.825,24.08542894,20.58333333
20-10-22 13:00,2193.925,24.15209073,20.91666667
20-10-22 14:00,1659.675,24.21875253,21
20-10-22 15:00,1320.15,24.28541432,21
20-10-22 16:00,1360.225,24.35207612,21
20-10-22 17:00,1300.1,24.33516087,20.75
20-10-22 18:00,1201.25,24.25799985,20.41666667
20-10-22 19:00,1211.85,24.18083883,20.08333333
20-10-22 20:00,2085.575,24.10367781,19.75
20-10-22 21:00,1917.825,24.02651679,19.41666667
20-10-22 22:00,1591.675,23.94935577,19.08333333
20-10-22 23:00,1434.3,23.87219475,19
21-10-22 0:00,1016.525,23.79503373,19
21-10-22 1:00,644.45,23.71787271,19
21-10-22 2:00,526.8,23.64071169,19
21-10-22 3:00,488.625,23.56355067,19
21-10-22 4:00,524.625,23.5,19
21-10-22 5:00,1071.3,23.5,19
21-10-22 6:00,622.375,23.5,19
21-10-22 7:00,567.875,23.5,19
21-10-22 8:00,637.075,23.5,19.25
21-10-22 9:00,643.225,23.50859315,19.58333333
21-10-22 10:00,1043.55,23.52886532,19.91666667
21-10-22 11:00,1273.3375,23.54913749,20
21-10-22 12:00,1046.8125,23.56940967,20
21-10-22 13:00,998.8,23.58968184,20
21-10-22 14:00,1864.2125,23.60995401,20.25
21-10-22 15:00,3174.725,23.63480404,20.58333333
21-10-22 16:00,1447.8,23.66415125,20.91666667
21-10-22 17:00,1233.75,23.69349846,20.5
21-10-22 18:00,935.5125,23.72284568,19.83333333
21-10-22 19:00,1008.35,23.74681616,19.16666667
21-10-22 20:00,1910.325,23.70420716,18.75
21-10-22 21:00,1393.85,23.66159816,18.41666667
21-10-22 22:00,1470.7375,23.61898916,18.08333333
21-10-22 23:00,1302.5625,23.57638015,18
22-10-22 0:00,1033.275,23.53377115,18
22-10-22 1:00,981.6,23.49116215,18
22-10-22 2:00,580.3875,23.44855315,18
22-10-22 3:00,557.1375,23.40594415,18
22-10-22 4:00,526.0875,23.4500752,18
22-10-22 5:00,522.2875,23.62924474,18
22-10-22 6:00,586.45,23.80841428,18
22-10-22 7:00,633.75,23.98758383,18
22-10-22 8:00,606.5,24.16675337,18
22-10-22 9:00,789.8,24.34592291,18
22-10-22 10:00,924.6,24.52509245,18
22-10-22 11:00,1446.8,24.704262,18.25
22-10-22 12:00,1889.7,24.61267479,18.58333333
22-10-22 13:00,1577.175,24.4282769,18.91666667
22-10-22 14:00,1851.3,24.24387901,19.25
22-10-22 15:00,1123.55,24.05948112,19.58333333
22-10-22 16:00,2304.075,23.87508324,19.91666667
22-10-22 17:00,981.95,23.72885575,19.75
22-10-22 18:00,1193.775,23.66312234,19.41666667
22-10-22 19:00,1173.6875,23.59738892,19.08333333
22-10-22 20:00,1116.15,23.53165551,18.75
22-10-22 21:00,1117.4125,23.46592209,18.41666667
22-10-22 22:00,1048.8375,23.40018868,18.08333333
22-10-22 23:00,900.9,23.33445526,16.75
23-10-22 0:00,767.175,23.26872185,15.08333333
23-10-22 1:00,584.5,23.20298844,13.41666667
23-10-22 2:00,565.45,23.13725502,12.75
23-10-22 3:00,500,23.07152161,12.41666667
23-10-22 4:00,465.2,23.00578819,12.08333333
23-10-22 5:00,446.2,22.78200531,12
23-10-22 6:00,439.15,22.97200071,12
23-10-22 7:00,477.2625,23.22831969,12
23-10-22 8:00,511,23.48463866,13
23-10-22 9:00,1280.9,23.74095764,14.33333333
23-10-22 10:00,1283.5875,24.64996234,15.66666667
23-10-22 11:00,693.0625,24.49934103,17.25
23-10-22 12:00,821.1125,24.34871972,18.91666667
23-10-22 13:00,681.225,24.19809841,20.58333333
23-10-22 14:00,894.35,24.04747709,21
23-10-22 15:00,1179.9625,23.89685578,21
23-10-22 16:00,942.6,23.7483573,21
23-10-22 17:00,907.1125,23.68264949,21
23-10-22 18:00,814.5375,23.61694167,21
23-10-22 19:00,1027.7875,23.55123385,21
23-10-22 20:00,1265.5375,23.48552603,19.75
23-10-22 21:00,1395.7,23.41981821,18.08333333
23-10-22 22:00,1259.2125,23.35411039,16.41666667
23-10-22 23:00,1336.4625,23.28840257,15.75
24-10-22 0:00,947.2625,23.22269475,15.41666667
24-10-22 1:00,984.175,23.15698693,15.08333333
24-10-22 2:00,644.3625,23.09127911,15
24-10-22 3:00,536.65,23.02557129,15
24-10-22 4:00,502.25,22.86032774,15
24-10-22 5:00,496.9,22.75,15.5
24-10-22 6:00,527.55,22.75,16.16666667
24-10-22 7:00,499,22.75,16.83333333
24-10-22 8:00,508.3,23.16619534,17.5
24-10-22 9:00,1008.15,23.66281556,18.16666667
24-10-22 10:00,1346.45,24.83170706,18.83333333
24-10-22 11:00,1593.7,24.96037958,19.75
24-10-22 12:00,4200.4,25.08905211,20.75
24-10-22 13:00,2246.7,25.21772464,21.75
24-10-22 14:00,1235.6,25.19580151,22
24-10-22 15:00,1464.15,25.12345648,22
24-10-22 16:00,1121.65,24.89914033,22
24-10-22 17:00,1098.9,24.66719902,21.75
24-10-22 18:00,1079.15,24.43525771,21.41666667
24-10-22 19:00,1247.325,24.2033164,21.08333333
24-10-22 20:00,1648.8625,23.97137509,20.25
24-10-22 21:00,1515.3125,23.74748675,19.25
24-10-22 22:00,1164.3625,23.69231776,18.25
24-10-22 23:00,1050.2375,23.63714877,17.5
25-10-22 0:00,873.65,23.58197979,16.83333333
25-10-22 1:00,1005.7625,23.5268108,16.16666667
25-10-22 2:00,650.8875,23.47164182,16.25
25-10-22 3:00,552.6,23.41647283,16.58333333
25-10-22 4:00,490.975,23.33806696,16.91666667
25-10-22 5:00,510.6,23.2143301,16.5
25-10-22 6:00,526.55,23.09059325,15.83333333
25-10-22 7:00,462.8875,22.9668564,15.16666667
25-10-22 8:00,761.5875,22.73701513,16.25
25-10-22 9:00,648.55,23.90070151,17.91666667
25-10-22 10:00,1655.15,24.89538043,19.58333333
25-10-22 11:00,1242.75,25.5,21
25-10-22 12:00,1426.45,25.5,22.33333333
25-10-22 13:00,2073.9,25.4013331,23.66666667
25-10-22 14:00,2043.5,25.27060036,24
25-10-22 15:00,1094.55,25.13986763,24
25-10-22 16:00,835.7,25.00913489,24
25-10-22 17:00,1067.9375,24.87526748,23.25
25-10-22 18:00,947.625,24.49702692,22.25
25-10-22 19:00,1100.125,24.40060265,21.25
25-10-22 20:00,1236.675,24.30417838,20.25
25-10-22 21:00,1121.4375,24.20775412,19.25
25-10-22 22:00,1022.5,24.11132985,18.25
25-10-22 23:00,1133.725,24.01490558,17.75
26-10-22 0:00,1135.3,23.91848132,17.41666667
26-10-22 1:00,688.3,23.82205705,17.08333333
26-10-22 2:00,512,23.72563278,17.03571429
26-10-22 3:00,500.2875,23.62920852,17.08333333
26-10-22 4:00,438.975,23.53278425,17.13095238
26-10-22 5:00,481.4125,23.5,17.17857143
26-10-22 6:00,572,23.5,17.22619048
26-10-22 7:00,890.325,23.5,17.27380952
26-10-22 8:00,957.525,23.15480745,17.32142857
26-10-22 9:00,766.55,22.16420153,17.36904762
26-10-22 10:00,1491.875,24.06737223,17.41666667
26-10-22 11:00,2585.325,25.04034541,17.46428571
26-10-22 12:00,1722.625,25.62,17.51190476
26-10-22 13:00,2280.025,25.62,17.55952381
26-10-22 14:00,2461.95,25.55731438,17.60714286
26-10-22 15:00,1845.8,25.40565561,17.6547619
26-10-22 16:00,1183.25,25.16416728,17.70238095
26-10-22 17:00,1721.8,24.90438868,17.75
26-10-22 18:00,1163.05,24.64461009,17.79761905
26-10-22 19:00,1588.05,24.52983624,17.8452381
26-10-22 20:00,1774.5,24.59713602,17.89285714
26-10-22 21:00,1633.9,24.6644358,17.94047619
26-10-22 22:00,1045.4,24.73173559,17.98809524
26-10-22 23:00,950.15,24.79903537,17.75
27-10-22 0:00,1106.4,24.86633515,17.41666667
27-10-22 1:00,754.4,24.93363494,17.08333333
27-10-22 2:00,495.95,25.00093472,16.75
27-10-22 3:00,432.35,25.0682345,16.41666667
27-10-22 4:00,470.400838,25.13553429,16.08333333
27-10-22 5:00,468.452514,25.20283407,15.75
27-10-22 6:00,468.452514,25.27013385,15.41666667
27-10-22 7:00,468.452514,25.33743363,15.08333333
27-10-22 8:00,468.452514,25.40473342,16
27-10-22 9:00,468.452514,25.4720332,17.33333333
27-10-22 10:00,468.452514,25.53933298,18.66666667
27-10-22 11:00,468.452514,25.60663277,19.75
27-10-22 12:00,468.452514,25.67393255,20.75
27-10-22 13:00,4953.11655,25.74123233,21.75
27-10-22 14:00,4160.225,25.58683324,22
27-10-22 15:00,1954.9,25.39922533,22
27-10-22 16:00,898.45,25.21161743,22
27-10-22 17:00,808.1625,25.02400953,21.75
27-10-22 18:00,904.5625,24.83640162,21.41666667
27-10-22 19:00,988.2375,24.64879372,21.08333333
27-10-22 20:00,1458.4,24.46118582,20.25
27-10-22 21:00,1227.6625,24.27357791,19.25
27-10-22 22:00,1047.9125,24.11364837,18.25
27-10-22 23:00,1189.95,24.07863176,18.5
28-10-22 0:00,1212.5375,24.04361514,19.16666667
28-10-22 1:00,725.55,24.00859852,19.83333333
28-10-22 2:00,676.475,23.99602876,20
28-10-22 3:00,620.4125,23.99076496,20
28-10-22 4:00,514.025,23.98550116,20
28-10-22 5:00,562.4625,23.98023736,19.75
28-10-22 6:00,611.7125,23.97497356,19.41666667
28-10-22 7:00,533.475,23.96970976,19.08333333
28-10-22 8:00,526.5625,23.96444596,19.25
28-10-22 9:00,1890.2125,23.95918216,19.58333333
28-10-22 10:00,1017.9,23.95391836,19.91666667
28-10-22 11:00,1353.1,23.94865456,20.25
28-10-22 12:00,1822.275,23.94339076,20.58333333
28-10-22 13:00,2140.95,23.93812696,20.91666667
28-10-22 14:00,2784.525,23.93286317,21
28-10-22 15:00,1071.125,23.92759937,21
28-10-22 16:00,1556.7,23.92233557,21
28-10-22 17:00,1319.8,23.91707177,20.75
28-10-22 18:00,930.075,23.91180797,20.41666667
28-10-22 19:00,1207.3,23.90654417,20.08333333
28-10-22 20:00,1179.675,23.90128037,19.75
28-10-22 21:00,1321.875,23.89601657,19.41666667
28-10-22 22:00,1226.1,23.89075277,19.08333333
28-10-22 23:00,1283.675,23.88548897,19
29-10-22 0:00,997.325,23.88022517,19
29-10-22 1:00,736.375,23.8690859,19
29-10-22 2:00,589.6,23.85768406,19
29-10-22 3:00,516.6,23.84628222,19
29-10-22 4:00,517.95,23.83488038,19
29-10-22 5:00,571.825,23.82347854,19
29-10-22 6:00,565.025,23.81207669,19
29-10-22 7:00,506,23.80067485,19
29-10-22 8:00,503.925,23.78927301,19
29-10-22 9:00,1012.2375,23.77787117,19
29-10-22 10:00,1178.3375,23.76646933,19
29-10-22 11:00,1098.0125,23.75506749,19.5
29-10-22 12:00,972.25,23.74366564,20.16666667
29-10-22 13:00,1200.7375,23.7322638,20.83333333
29-10-22 14:00,1439.1,23.72086196,20.75
29-10-22 15:00,826.95,23.70946012,20.41666667
29-10-22 16:00,2126.25,23.69805828,20.08333333
29-10-22 17:00,1656.75,23.68665643,19.75
29-10-22 18:00,1375.05,23.67525459,19.41666667
29-10-22 19:00,999.15,23.66385275,19.08333333
29-10-22 20:00,1636.1,23.65245091,18.75
29-10-22 21:00,1360.85,23.64104907,18.41666667
29-10-22 22:00,1226.75,23.62964723,18.08333333
29-10-22 23:00,1105.05,23.62350829,18
30-10-22 0:00,935.05,23.64630587,18
30-10-22 1:00,853.85,23.66910344,18
30-10-22 2:00,691.65,23.69190102,18
30-10-22 3:00,547.75,23.71469859,18
30-10-22 3:00,637.95,23.73749616,18
30-10-22 4:00,513.4375,23.76029374,18
30-10-22 5:00,75.1625,23.78309131,17.75
30-10-22 6:00,539.15,23.80588889,17.41666667
30-10-22 7:00,468.65,23.82868646,17.08333333
30-10-22 8:00,465.85,23.85148403,17.5
30-10-22 9:00,797.65,23.87428161,18.16666667
30-10-22 10:00,955.2,23.8629179,18.83333333
30-10-22 11:00,2089.05,23.84011644,19.25
30-10-22 12:00,2360.425,23.81731498,19.58333333
30-10-22 13:00,2567.5625,23.79451352,19.91666667
30-10-22 14:00,1362.1375,23.77171206,20
30-10-22 15:00,1746.3625,23.7489106,20
30-10-22 16:00,1044.525,23.72610914,20
30-10-22 17:00,1116.9375,23.70330767,19.75
30-10-22 18:00,1003.6125,23.68050621,19.41666667
30-10-22 19:00,1069.6375,23.65770475,19.08333333
30-10-22 20:00,1032.25,23.63490329,18.75
30-10-22 21:00,1356.8625,23.60096881,18.41666667
30-10-22 22:00,1143.75,23.5460271,18.08333333
30-10-22 23:00,1151.6375,23.4910854,18
31-10-22 0:00,1087.425,23.4361437,18
31-10-22 1:00,2049.2375,23.381202,18
31-10-22 2:00,1329.2625,23.3262603,17.75
31-10-22 3:00,521.3375,23.2713186,17.41666667
31-10-22 4:00,463.5375,23.2163769,17.08333333
31-10-22 5:00,507.775,23.1614352,16.5
31-10-22 6:00,536.175,23.05796439,15.83333333
31-10-22 7:00,516.925,22.80561615,15.16666667
31-10-22 8:00,459.175,22.19194245,16
31-10-22 9:00,1255.35,23.17322992,17.33333333
31-10-22 10:00,1113.975,23.55572036,18.66666667
31-10-22 11:00,1264.025,23.93821079,19.5
31-10-22 12:00,1504.45,24.08597308,20.16666667
31-10-22 13:00,2238.05,24.02112558,20.83333333
31-10-22 14:00,1511.5,23.95627808,20.75
31-10-22 15:00,2092.575,23.89143059,20.41666667
31-10-22 16:00,1132.4,23.82658309,20.08333333
31-10-22 17:00,1576.825,23.7617356,19.75
31-10-22 18:00,1100.175,23.6968881,19.41666667
31-10-22 19:00,1053.975,23.6320406,19.08333333
31-10-22 20:00,1254.1,23.56719311,18.25
31-10-22 21:00,1424.525,23.50234561,17.25
31-10-22 22:00,1297.975,23.43749811,16.25
31-10-22 23:00,971.55,23.36834286,15.25
01-11-22 0:00,930.3125,23.26548571,14.25
01-11-22 1:00,949.4,23.16262857,13.25
01-11-22 2:00,787.8575,23.19927196,13
01-11-22 3:00,633.48,23.33465102,13
01-11-22 4:00,562.95,23.47003008,13
01-11-22 5:00,549.9,23.60540915,13
01-11-22 6:00,524.875,23.74078821,13
01-11-22 7:00,489.675,23.87616727,13
01-11-22 8:00,584.725,24.01154633,14.75
01-11-22 9:00,501.1,24.09992054,17.08333333
01-11-22 10:00,1032.15,23.99954955,19.41666667
01-11-22 11:00,1294.025,23.95572194,20.25
01-11-22 12:00,1722.325,23.91189433,20.58333333
01-11-22 13:00,1267.4375,23.86806672,20.91666667
01-11-22 14:00,1284.175,23.8242391,21
01-11-22 15:00,1329.9,23.78041149,21
01-11-22 16:00,1879.3625,23.73658388,21
01-11-22 17:00,1803.5375,23.69275627,20.5
01-11-22 18:00,1829.8125,23.64892866,19.83333333
01-11-22 19:00,1943.625,23.60510105,19.16666667
01-11-22 20:00,1824.8875,23.56127344,18.75
01-11-22 21:00,1780.925,23.51744582,18.41666667
01-11-22 22:00,1517.575,23.44597783,18.08333333
01-11-22 23:00,1115.0375,23.35623171,17.25
02-11-22 0:00,1035.025,23.2664856,16.25
02-11-22 1:00,1022.95,23.17673949,15.25
02-11-22 2:00,694.35,23.1273143,14.75
02-11-22 3:00,518.775,23.14720211,14.41666667
02-11-22 4:00,496.55,23.16708992,14.08333333
02-11-22 5:00,497.3375,23.18697773,14.5
02-11-22 6:00,569.45,23.20686554,15.16666667
02-11-22 7:00,504.2375,23.22675336,15.83333333
02-11-22 8:00,516.25,23.24664117,17
02-11-22 9:00,582.9875,24.10794281,18.33333333
02-11-22 10:00,803.175,24.07552616,19.66666667
02-11-22 11:00,921.275,24.04310952,20.5
02-11-22 12:00,1271.5125,24.01069287,21.16666667
02-11-22 13:00,1902.6125,23.97827622,21.83333333
02-11-22 14:00,1719.875,23.94585958,22
02-11-22 15:00,3014.7,23.91344293,22
02-11-22 16:00,1822.3,23.88102628,22
02-11-22 17:00,978.025,23.84860964,21.5
02-11-22 18:00,1302.5,23.81619299,20.83333333
02-11-22 19:00,1441.95,23.78377634,20.16666667
02-11-22 20:00,1645.8375,23.7513597,19
02-11-22 21:00,1642.675,23.6301109,17.66666667
02-11-22 22:00,1400.9,23.50497296,16.33333333
02-11-22 23:00,1288.425,23.37983503,15.75
03-11-22 0:00,1221.825,23.25469709,15.41666667
03-11-22 1:00,1093.7625,23.12955915,15.08333333
03-11-22 2:00,1745.7125,23.04873066,15
03-11-22 3:00,1058.375,22.97156685,15
03-11-22 4:00,526.325,22.89440305,15
03-11-22 5:00,502.0875,22.81723925,14.75
03-11-22 6:00,492.8375,22.74007545,14.41666667
03-11-22 7:00,431.8125,22.66291165,14.08333333
03-11-22 8:00,423.6125,22.37830925,15.75
03-11-22 9:00,537.675,24.05587417,18.08333333
03-11-22 10:00,917.725,24.63694038,20.41666667
03-11-22 11:00,1337.65,25.11503887,21.5
03-11-22 12:00,1849.75,25.06172529,22.16666667
03-11-22 13:00,1941.45,25.0084117,22.83333333
03-11-22 14:00,1424.0125,24.92671903,22.75
03-11-22 15:00,1165.625,24.76723453,22.41666667
03-11-22 16:00,1002.7875,24.52370984,22.08333333
03-11-22 17:00,1261,24.28018514,21
03-11-22 18:00,990.5,24.08219235,19.66666667
03-11-22 19:00,1185.25,23.97171546,18.33333333
03-11-22 20:00,1084.05,23.86123857,17.25
03-11-22 21:00,1222.3,23.75076168,16.25
03-11-22 22:00,1036.45,23.64028478,15.25
03-11-22 23:00,1358.7,23.52980789,14.75
04-11-22 0:00,850.9,23.419331,14.41666667
04-11-22 1:00,976.85,23.30885411,14.08333333
04-11-22 2:00,825.45,23.19837722,14
04-11-22 3:00,544.5,23.10721532,14
04-11-22 4:00,529.25,23.0632145,14
04-11-22 5:00,458.2,23.01921369,13.75
04-11-22 6:00,495.35,22.96768986,13.41666667
04-11-22 7:00,458.5,22.91033457,13.08333333
04-11-22 8:00,445.25,23.05796734,14.5
04-11-22 9:00,594.2,23.43572819,16.5
04-11-22 10:00,1407.55,23.81348904,18.5
04-11-22 11:00,981.6,24.20158041,20
04-11-22 12:00,1983,24.25,21.33333333
04-11-22 13:00,2454.05,24.25,22.66666667
04-11-22 14:00,1222.75,24.25,22.75
04-11-22 15:00,2342,24.15171853,22.41666667
04-11-22 16:00,2672.85,24.029882,22.08333333
04-11-22 17:00,1248,23.90804546,21
04-11-22 18:00,1981.45,23.78620893,19.66666667
04-11-22 19:00,1652.35,23.6643724,18.33333333
04-11-22 20:00,1686.2875,23.54253587,17.25
04-11-22 21:00,1746.85,23.42069933,16.25
04-11-22 22:00,1677.65,23.2988628,15.25
04-11-22 23:00,1900.325,23.17702627,15
05-11-22 0:00,1222.275,23.17266197,15
05-11-22 1:00,978.3375,23.27166098,15
05-11-22 2:00,864.9125,23.37065999,14.5
05-11-22 3:00,547.1875,23.469659,13.83333333
05-11-22 4:00,524.475,23.56865801,13.16666667
05-11-22 5:00,435.9375,23.66765702,13.25
05-11-22 6:00,553.7,23.76665603,13.58333333
05-11-22 7:00,522.65,23.86565504,13.91666667
05-11-22 8:00,500.65,23.96465405,15.75
05-11-22 9:00,681.1125,24.06365306,18.08333333
05-11-22 10:00,819.275,24.08811076,20.41666667
05-11-22 11:00,2075.5375,24.01409319,21.75
05-11-22 12:00,863.925,23.94007561,22.75
05-11-22 13:00,1138.6125,23.86605803,23.75
05-11-22 14:00,1929.825,23.79204046,23.75
05-11-22 15:00,1161.125,23.71802288,23.41666667
05-11-22 16:00,1829.052941,23.64400531,23.08333333
05-11-22 17:00,2083.472059,23.56998773,22.25
05-11-22 18:00,1598.95,23.49383035,21.25
05-11-22 19:00,2431.075,23.38051027,20.25
05-11-22 20:00,1945.65,23.26719019,19.5
05-11-22 21:00,1930.75,23.15387011,18.83333333
05-11-22 22:00,1535.325,23.13597663,18.16666667
05-11-22 23:00,2135.075,23.15876421,18
06-11-22 0:00,1577.375,23.1815518,18
06-11-22 1:00,1004.55,23.20433938,18
06-11-22 2:00,937.55,23.22712696,18
06-11-22 3:00,1044.375,23.24991455,18
06-11-22 4:00,620.9,23.27270213,18
06-11-22 5:00,573.65,23.29548971,18.5
06-11-22 6:00,564.375,23.3182773,19.16666667
06-11-22 7:00,471.175,23.34106488,19.83333333
06-11-22 8:00,527.85,23.36385247,20.5
06-11-22 9:00,604.775,23.37029413,21.16666667
06-11-22 10:00,894.375,23.33698515,21.83333333
06-11-22 11:00,1074.2,23.30367616,21.75
06-11-22 12:00,1170.9125,23.27036718,21.41666667
06-11-22 13:00,1092.325,23.23705819,21.08333333
06-11-22 14:00,1190.55,23.20374921,21.5
06-11-22 15:00,1514.575,23.17044022,22.16666667
06-11-22 16:00,2238.85,23.13713124,22.83333333
06-11-22 17:00,1869.2,23.10382225,22.25
06-11-22 18:00,1480.6,23.07051327,21.25
06-11-22 19:00,1012.525,23.03720429,20.25
06-11-22 20:00,1154.7875,23.0038953,19.75
06-11-22 21:00,1195.475,22.96100917,19.41666667
06-11-22 22:00,936.25,22.91685473,19.08333333
06-11-22 23:00,857.2,22.87270029,18.5
07-11-22 0:00,1134.6,22.82854585,17.83333333
07-11-22 1:00,1564.2,22.7843914,17.16666667
07-11-22 2:00,958.95,22.74023696,16.5
07-11-22 3:00,502.25,22.69608252,15.83333333
07-11-22 4:00,501.3125,22.65192808,15.16666667
07-11-22 5:00,522.6125,22.60777363,15
07-11-22 6:00,453.9625,22.56361919,15
07-11-22 7:00,504.1875,22.51946475,15
07-11-22 8:00,434.7875,22.94627078,15.25
07-11-22 9:00,443.9375,23.68265356,15.58333333
07-11-22 10:00,1545.73,24.08470851,15.91666667
07-11-22 11:00,1725.895,24.23783605,16.75
07-11-22 12:00,4427,24.78793515,17.75
07-11-22 13:00,4436.9,24.86353588,18.75
07-11-22 14:00,2436.5625,24.28176471,19
07-11-22 15:00,1110.55,24.06495789,19
07-11-22 16:00,1432.75,23.98871641,19
07-11-22 17:00,1117.4375,23.91247493,19
07-11-22 18:00,1190.525,23.83623345,19
07-11-22 19:00,1471.95,23.75999197,19
07-11-22 20:00,1721.8625,23.68375049,19
07-11-22 21:00,1899.0125,23.60750901,19
07-11-22 22:00,1394.2625,23.53126753,19
07-11-22 23:00,1005.2125,23.45502605,18.75
08-11-22 0:00,1070.8125,23.37878457,18.41666667
08-11-22 1:00,1290.3875,23.30254309,18.08333333
08-11-22 2:00,761.25,23.18778015,18
08-11-22 3:00,548.05,22.99475672,18
08-11-22 4:00,509.9,22.80539267,18
08-11-22 5:00,479.9,22.61602862,18
08-11-22 6:00,465.9,22.42666456,18
08-11-22 7:00,419.725,22.23730051,18
08-11-22 8:00,473.7875,22.93009942,18.25
08-11-22 9:00,579.7375,23.22209611,18.58333333
08-11-22 10:00,1206.6,23.07261101,18.91666667
08-11-22 11:00,857.1,22.9231259,19.25
08-11-22 12:00,967.6,22.77364079,19.58333333
08-11-22 13:00,1047.3,22.62415569,19.91666667
08-11-22 14:00,991.45,22.50370929,20
08-11-22 15:00,2015.35,22.52560018,20
08-11-22 16:00,1926.95,22.54749106,20
08-11-22 17:00,1584.7,22.56938195,19.5
08-11-22 18:00,1471.9,22.59127283,18.83333333
08-11-22 19:00,1723.6,22.61316372,18.16666667
08-11-22 20:00,1936.05,22.63505461,18
08-11-22 21:00,1874.05,22.65694549,18
08-11-22 22:00,1638.35,22.67883638,18
08-11-22 23:00,1256.05,22.70072726,18
09-11-22 0:00,1351,22.72261815,18
09-11-22 1:00,980.55,22.74450904,18
09-11-22 2:00,582.1,22.808125,18
09-11-22 3:00,548.95,22.88571121,18
09-11-22 4:00,489.85,22.96329741,18
09-11-22 5:00,485.4,23.04088362,17.75
09-11-22 6:00,414.4875,23.11846983,17.41666667
09-11-22 7:00,402.85,23.19605603,17.08333333
09-11-22 8:00,507.2125,23.27364224,17.5
09-11-22 9:00,475.85,23.35122845,18.16666667
09-11-22 10:00,831.55,23.42881466,18.83333333
09-11-22 11:00,1899.1375,23.4945799,19.25
09-11-22 12:00,2621.4625,23.42888167,19.58333333
09-11-22 13:00,1195.9625,23.36318344,19.91666667
09-11-22 14:00,1215.9,23.29748522,20
09-11-22 15:00,1544.6625,23.23178699,20
09-11-22 16:00,894.0125,23.16608877,20
09-11-22 17:00,1457.0625,23.10039054,19.75
09-11-22 18:00,1157.475,23.03469231,19.41666667
09-11-22 19:00,1489.45,22.96899409,19.08333333
09-11-22 20:00,2003.225,22.90329586,18.75
09-11-22 21:00,2105.475,22.83759763,18.41666667
09-11-22 22:00,1677.0375,22.77189941,18.08333333
09-11-22 23:00,1382.9875,22.79795141,18
10-11-22 0:00,1212.125,22.86987852,18
10-11-22 1:00,932.75,22.94180564,18
10-11-22 2:00,1504.1375,23.01373275,18
10-11-22 3:00,1114.8625,23.08565986,18
10-11-22 4:00,1019.3625,23.15758698,18
10-11-22 5:00,508.2375,23.22951409,18
10-11-22 6:00,490.2125,23.30144121,18
10-11-22 7:00,473.9875,23.37336832,18
10-11-22 8:00,509.275,23.44529543,18.25
10-11-22 9:00,615.4,23.52197578,18.58333333
10-11-22 10:00,2399.675,23.61375398,18.91666667
10-11-22 11:00,2490.075,23.26704114,19.25
10-11-22 12:00,1365.3,22.88830735,19.58333333
10-11-22 13:00,1939,22.50957355,19.91666667
10-11-22 14:00,1827.85,22.91088993,19.75
10-11-22 15:00,1533.4,23.3324356,19.41666667
10-11-22 16:00,1144.6,23.4196101,19.08333333
10-11-22 17:00,999.1,23.28618287,18.75
10-11-22 18:00,1761.75,23.15275564,18.41666667
10-11-22 19:00,1576.75,23.01932842,18.08333333
10-11-22 20:00,1835.5,22.88590119,17.75
10-11-22 21:00,1852.85,22.75247396,17.41666667
10-11-22 22:00,1898.35,22.61904674,17.08333333
10-11-22 23:00,2076.25,22.50707341,16.5
11-11-22 0:00,1612.55,22.57270297,15.83333333
11-11-22 1:00,1126.35,22.63833252,15.16666667
11-11-22 2:00,705.2,22.70396208,14.75
11-11-22 3:00,610.1,22.76959164,14.41666667
11-11-22 4:00,575,22.8352212,14.08333333
11-11-22 5:00,571.15,22.90085075,14.25
11-11-22 6:00,585.5,22.96648031,14.58333333
11-11-22 7:00,536.95,23.03210987,14.91666667
11-11-22 8:00,620,23.09773943,15.75
11-11-22 9:00,641.4,23.16336898,16.75
11-11-22 10:00,1344,23.22899854,17.75
11-11-22 11:00,1067.1,23.19047127,18.5
11-11-22 12:00,1637.5,23.10292902,19.16666667
11-11-22 13:00,1460.5125,23.01538677,19.83333333
11-11-22 14:00,1290.6625,22.92784452,19.75
11-11-22 15:00,3257.2625,22.84030226,19.41666667
11-11-22 16:00,2015.175,22.75276001,19.08333333
11-11-22 17:00,1256.4125,22.66521776,18.75
11-11-22 18:00,2099.35,22.57767551,18.41666667
11-11-22 19:00,2117.7,22.49013326,18.08333333
11-11-22 20:00,1560,22.40259101,17.5
11-11-22 21:00,1788.5125,22.31504876,16.83333333
11-11-22 22:00,1953.325,22.26496994,16.16666667
11-11-22 23:00,1240.575,22.32323135,16.5
12-11-22 0:00,923.9875,22.38149276,17.16666667
12-11-22 1:00,993.05,22.43975416,17.83333333
12-11-22 2:00,715.9875,22.49801557,17.75
12-11-22 3:00,524.75,22.55627697,17.41666667
12-11-22 4:00,489.7125,22.61453838,17.08333333
12-11-22 5:00,501.4375,22.67279978,16.5
12-11-22 6:00,525.15,22.73106119,15.83333333
12-11-22 7:00,471.4375,22.7893226,15.16666667
12-11-22 8:00,491.475,22.847584,15.5
12-11-22 9:00,598.1375,22.84583708,16.16666667
12-11-22 10:00,837.0375,22.76882612,16.83333333
12-11-22 11:00,1102.8,22.69181515,17.5
12-11-22 12:00,2230.6125,22.61480419,18.16666667
12-11-22 13:00,959.7,22.53779323,18.83333333
12-11-22 14:00,2049.6125,22.46078226,19
12-11-22 15:00,2785.3,22.3837713,19
12-11-22 16:00,2422.6,22.30676034,19
12-11-22 17:00,1209.95,22.22974937,18
12-11-22 18:00,1087.45,22.15273841,16.66666667
12-11-22 19:00,1395.25,22.07572745,15.33333333
12-11-22 20:00,2162.775,21.99839064,14.5
12-11-22 21:00,1948.225,21.9018293,13.83333333
12-11-22 22:00,1171.2,21.80526796,13.16666667
12-11-22 23:00,1028.8,21.70870661,13
13-11-22 0:00,792.975,21.61214527,13
13-11-22 1:00,989.8,21.51558393,13
13-11-22 2:00,827.7,21.49305869,12.5
13-11-22 3:00,1668.45,21.48478153,11.83333333
13-11-22 4:00,1045.95,21.47650437,11.16666667
13-11-22 5:00,475.6,21.46822722,11.25
13-11-22 6:00,462,21.45995006,11.58333333
13-11-22 7:00,458.95,21.45167291,11.91666667
13-11-22 8:00,500.35,21.44339575,12.875
13-11-22 9:00,509.6,21.43511859,14.04166667
13-11-22 10:00,861.25,21.42684144,15.20833333
13-11-22 11:00,1199.1,21.41856428,16.375
13-11-22 12:00,1155.6,21.41028713,17.54166667
13-11-22 13:00,823.2,21.40200997,18.70833333
13-11-22 14:00,955.125,21.39373281,19.25
13-11-22 15:00,782.2,21.38545566,19.58333333
13-11-22 16:00,942.475,21.3771785,19.91666667
13-11-22 17:00,1361.025,21.36890135,18.5
13-11-22 18:00,2358.7,21.36062419,16.5
13-11-22 19:00,1073.275,21.35234703,14.5
13-11-22 20:00,2055.1,21.34406988,14.25
13-11-22 21:00,1524.45,21.33579272,14.58333333
13-11-22 22:00,1371.675,21.32751557,14.91666667
13-11-22 23:00,1443.025,21.31923841,15
14-11-22 0:00,771.25,21.31096125,15
14-11-22 1:00,769.975,21.3026841,15
14-11-22 2:00,624.7,21.29440694,14.75
14-11-22 3:00,580.5625,21.28612979,14.41666667
14-11-22 4:00,595.575,21.27785263,14.08333333
14-11-22 5:00,539.2,21.26957547,14.25
14-11-22 6:00,515.225,21.26129832,14.58333333
14-11-22 7:00,479.5875,21.25302116,14.91666667
14-11-22 8:00,539.05,20.67830944,15.75
14-11-22 9:00,615.6,23.62019215,16.75
14-11-22 10:00,1162.6,21.65630191,17.75
14-11-22 11:00,2351.575,21.38,18
14-11-22 12:00,2785.35,21.38,18
14-11-22 13:00,2509.475,21.38,18
14-11-22 14:00,1346.925,21.38,18
14-11-22 15:00,2090.375,21.38,18
14-11-22 16:00,1408.7125,21.38,18
14-11-22 17:00,934.1125,21.38,17.75
14-11-22 18:00,1475.55,21.38,17.41666667
14-11-22 19:00,1715.4,21.38,17.08333333
14-11-22 20:00,2106.8,21.38,17
14-11-22 21:00,1907,21.38,17
14-11-22 22:00,1786.4,21.4047107,17
14-11-22 23:00,1142.25,21.51201895,17
15-11-22 0:00,892.35,21.61932719,17
15-11-22 1:00,744.9,21.72663544,17
15-11-22 2:00,821.4,21.83394368,17
15-11-22 3:00,519.6,21.94125193,17
15-11-22 4:00,513.35,22.04856017,17
15-11-22 5:00,524.8,22.15586842,16.75
15-11-22 6:00,597.6,22.26317666,16.41666667
15-11-22 7:00,501.65,22.37048491,16.08333333
15-11-22 8:00,522.9,22.47779315,16.25
15-11-22 9:00,770.9,22.43164063,16.58333333
15-11-22 10:00,717.725,21.89320979,16.91666667
15-11-22 11:00,1397.1125,21.77147302,17.25
15-11-22 12:00,1402.15,21.64973624,17.58333333
15-11-22 13:00,1414.1125,21.52799946,17.91666667
15-11-22 14:00,1682.2625,21.94970798,17.25
15-11-22 15:00,2086.575,22.48687532,16.25
15-11-22 16:00,2624.2625,22.25971731,15.25
15-11-22 17:00,1971.0625,22.03255931,15.5
15-11-22 18:00,2023.75,21.80540131,16.16666667
15-11-22 19:00,2393.525,21.57824331,16.83333333
15-11-22 20:00,2031.725,21.46444228,15.75
15-11-22 21:00,1578.3625,21.4102017,14.08333333
15-11-22 22:00,1704.4125,21.35596112,12.41666667
15-11-22 23:00,1444.3625,21.30172053,12
16-11-22 0:00,1298.575,21.24747995,12
16-11-22 1:00,906.9875,21.19323937,12
16-11-22 2:00,538.975,21.13899878,12.25
16-11-22 3:00,493.075,21.0847582,12.58333333
16-11-22 4:00,530.3875,21.03051762,12.91666667
16-11-22 5:00,502.9125,20.97627704,13
16-11-22 6:00,492.2,20.92203645,13
16-11-22 7:00,529.15,20.80692575,13
16-11-22 8:00,539.125,20.78957944,14.25
16-11-22 9:00,600.0625,21.27017599,15.91666667
16-11-22 10:00,958.15,21.84097035,17.58333333
16-11-22 11:00,2381.8,22.25700148,18.75
16-11-22 12:00,1967.8375,22.61326076,19.75
16-11-22 13:00,1475.7375,22.96952004,20.75
16-11-22 14:00,1922.275,23,21
16-11-22 15:00,1150,23,21
16-11-22 16:00,932.125,22.58662994,21
16-11-22 17:00,1251.8,22.13595393,19
16-11-22 18:00,838.325,21.90316368,16.33333333
16-11-22 19:00,939.6,21.76449592,13.66666667
16-11-22 20:00,1094.35,21.62582815,13.5
16-11-22 21:00,1393.575,21.48716039,14.16666667
16-11-22 22:00,1451.45,21.34849263,14.83333333
16-11-22 23:00,1352.925,21.22886268,15
17-11-22 0:00,1156.675,21.15590548,15
17-11-22 1:00,781.675,21.08294828,15
17-11-22 2:00,649.975,21.00999108,15
17-11-22 3:00,527.1,21.14121444,15
17-11-22 4:00,509.075,21.30483592,15
17-11-22 5:00,510.55,21.46845741,15.25
17-11-22 6:00,555.7,21.6320789,15.58333333
17-11-22 7:00,531.35,21.79570039,15.91666667
17-11-22 8:00,556.975,21.95932188,17
17-11-22 9:00,566.025,22.90538336,18.33333333
17-11-22 10:00,1561.375,22.67047308,19.66666667
17-11-22 11:00,2341.1,22.43556281,20.75
17-11-22 12:00,2526,22.20065253,21.75
17-11-22 13:00,1209.75,21.98877033,22.75
17-11-22 14:00,1972.275,21.91176685,23.25
17-11-22 15:00,1036.15,21.83476337,23.58333333
17-11-22 16:00,1629.3,21.7577599,23.91666667
17-11-22 17:00,3187.1,21.68075642,22.75
17-11-22 18:00,3810.875,21.60375295,21.08333333
17-11-22 19:00,2781.525,21.52674947,19.41666667
17-11-22 20:00,1992.15,21.449746,19
17-11-22 21:00,2006.675,21.37274252,19
17-11-22 22:00,1609.9,21.29573904,19
17-11-22 23:00,1489.6,21.21873557,19.25
18-11-22 0:00,1468.8,21.14173209,19.58333333
18-11-22 1:00,1246.4,21.28607706,19.91666667
18-11-22 2:00,762.875,21.51745376,19.5
18-11-22 3:00,588.3,21.74883047,18.83333333
18-11-22 4:00,510.55,21.98020717,18.16666667
18-11-22 5:00,507.65,22.21158388,18.25
18-11-22 6:00,477.35,22.44296058,18.58333333
18-11-22 7:00,532.3,22.67433729,18.91666667
18-11-22 8:00,507.7,22.90571399,19.75
18-11-22 9:00,761.675,27.97358121,20.75
18-11-22 10:00,888.85,24.46860987,21.75
18-11-22 11:00,1721.7625,23.51899235,22.5
18-11-22 12:00,1561.1625,22.98548659,23.16666667
18-11-22 13:00,1743.4,22.79549293,23.83333333
18-11-22 14:00,1893.6,22.60549926,23.75
18-11-22 15:00,2293.15,22.5247829,23.41666667
18-11-22 16:00,1842.05,22.58050959,23.08333333
18-11-22 17:00,1136.9375,22.63623628,22.5
18-11-22 18:00,1163.65,22.69196297,21.83333333
18-11-22 19:00,1096.85,22.74768966,21.16666667
18-11-22 20:00,1612.5125,22.80341636,20.75
18-11-22 21:00,1606.8875,22.85914305,20.41666667
18-11-22 22:00,1509.6625,22.91486974,20.08333333
18-11-22 23:00,1248.4,22.97059643,20
19-11-22 0:00,1565.35,23.02632312,20
19-11-22 1:00,1536.75,23.08204981,20
19-11-22 2:00,1094.6,23.13777651,19.75
19-11-22 3:00,548.125,23.1935032,19.41666667
19-11-22 4:00,518.35,23.24922989,19.08333333
19-11-22 5:00,558.85,23.30495658,19
19-11-22 6:00,481.875,23.36068327,19
19-11-22 7:00,567.4125,23.41640996,19
19-11-22 8:00,562.1875,23.47213665,19.75
19-11-22 9:00,492.4,23.42326057,20.75
19-11-22 10:00,1113.775,23.26978172,21.75
19-11-22 11:00,925.4625,23.11630286,22.5
19-11-22 12:00,806.7125,22.96282401,23.16666667
19-11-22 13:00,1234.53,22.80934516,23.83333333
19-11-22 14:00,1469.2825,22.6558663,23.75
19-11-22 15:00,1129.2125,22.50238745,23.41666667
19-11-22 16:00,1002.85,22.45689508,23.08333333
19-11-22 17:00,1051.95,22.41310905,22.75
19-11-22 18:00,1001.2375,22.36932302,22.41666667
19-11-22 19:00,1271.4125,22.32553699,22.08333333
19-11-22 20:00,2265.075,22.28175095,21.5
19-11-22 21:00,2000.2625,22.23796492,20.83333333
19-11-22 22:00,1394.6125,22.19417889,20.16666667
19-11-22 23:00,1078.375,22.15039286,20
20-11-22 0:00,974.8875,22.10660683,20
20-11-22 1:00,921.6125,22.06282079,20
20-11-22 2:00,856.9,22.01903476,20
20-11-22 3:00,1683.2,22.09279949,20
20-11-22 4:00,1023.075,22.25696566,20
20-11-22 5:00,570.5,22.42113183,20
20-11-22 6:00,508.9,22.58529801,20
20-11-22 7:00,421.225,22.74946418,20
20-11-22 8:00,438.9,22.91363035,20.75
20-11-22 9:00,582.2,22.9654446,21.75
20-11-22 10:00,1158.8,22.89252583,22.75
20-11-22 11:00,1380.5,22.81960705,23.25
20-11-22 12:00,1373.625,22.74668827,23.58333333
20-11-22 13:00,1144.7,22.6737695,23.91666667
20-11-22 14:00,1088.575,22.60085072,24
20-11-22 15:00,1054.45,22.52793194,24
20-11-22 16:00,1457.1,22.44884846,24
20-11-22 17:00,1196.3,22.36593736,22.25
20-11-22 18:00,1519.675,22.28302626,19.91666667
20-11-22 19:00,1153.275,22.23741373,17.58333333
20-11-22 20:00,2462.825,22.21649473,18
20-11-22 21:00,1946.1,22.19557572,19.33333333
20-11-22 22:00,1171.65,22.17465671,20.66666667
20-11-22 23:00,1046.475,22.15373771,20.75
21-11-22 0:00,766.3625,22.1328187,20.41666667
21-11-22 1:00,810,22.12,20.08333333
21-11-22 2:00,786.1125,22.12,20
21-11-22 3:00,572.2125,22.12,20
21-11-22 4:00,537.875,22.12,20
21-11-22 5:00,439.05,22.12,20
21-11-22 6:00,438.175,22.12,20
21-11-22 7:00,485.65,22.12,20
21-11-22 8:00,425.2875,22.86884302,20.25
21-11-22 9:00,628.4,23.63573453,20.58333333
21-11-22 10:00,1009.425,23.88347693,20.91666667
21-11-22 11:00,2825.7,23.96582539,21.75
21-11-22 12:00,1721.8625,23.93508282,22.75
21-11-22 13:00,3007.0275,23.82411327,23.75
21-11-22 14:00,1818.085,23.71314373,23.5
21-11-22 15:00,1828.05,23.60217418,22.83333333
21-11-22 16:00,2567.4,23.49120464,22.16666667
21-11-22 17:00,2375.2,23.38023509,21.25
21-11-22 18:00,2308.4,23.26926555,20.25
21-11-22 19:00,1101.475,23.158296,19.25
21-11-22 20:00,1432.05,23.04732646,18.25
21-11-22 21:00,1736.075,22.93635691,17.25
21-11-22 22:00,1777.75,22.82538737,16.25
21-11-22 23:00,1802.075,22.71441782,15.75
22-11-22 0:00,1359.05,22.60344828,15.41666667
22-11-22 1:00,1065.225,22.49018425,15.08333333
22-11-22 2:00,745.9,22.34536165,15
22-11-22 3:00,635.4,22.20053906,15
22-11-22 4:00,618.425,22.05571647,15
22-11-22 5:00,536.525,21.91089388,15
22-11-22 6:00,586.45,21.76607128,15
22-11-22 7:00,559.725,21.62124869,15
22-11-22 8:00,545.925,21.66414566,16
22-11-22 9:00,711.6,22.67980152,17.33333333
22-11-22 10:00,912.8125,23.63179847,18.66666667
22-11-22 11:00,957.2875,23.96987746,19.25
22-11-22 12:00,2291.875,23.89203027,19.58333333
22-11-22 13:00,1670.8375,23.81418309,19.91666667
22-11-22 14:00,1622.7,23.7363359,20.25
22-11-22 15:00,1478.7625,23.65848871,20.58333333
22-11-22 16:00,893.0875,23.58064152,20.91666667
22-11-22 17:00,944.1375,23.50279433,19.75
22-11-22 18:00,971.275,23.42494714,18.08333333
22-11-22 19:00,1139.4875,23.34709995,16.41666667
22-11-22 20:00,1299.3125,23.26925276,16.25
22-11-22 21:00,1558.925,23.19140557,16.58333333
22-11-22 22:00,1636.0125,23.11355839,16.91666667
22-11-22 23:00,1392.0625,23.0357112,17.25
23-11-22 0:00,1341.1125,22.95786401,17.58333333
23-11-22 1:00,866.2,22.88001682,17.91666667
23-11-22 2:00,1579.1375,22.80216963,18.25
23-11-22 3:00,1051.4,22.72432244,18.58333333
23-11-22 4:00,481.0375,22.64647525,18.91666667
23-11-22 5:00,423.725,22.56862806,18.25
23-11-22 6:00,417.1375,22.49078087,17.25
23-11-22 7:00,472.65,22.41293369,16.25
23-11-22 8:00,696.075,22.35892513,16.75
23-11-22 9:00,467.325,22.32239672,17.75
23-11-22 10:00,931.625,22.2858683,18.75
23-11-22 11:00,943.9625,22.24933988,18.25
23-11-22 12:00,1329.15,22.21281147,17.25
23-11-22 13:00,1820.25,22.17628305,16.25
23-11-22 14:00,3322.1375,22.13975463,15.75
23-11-22 15:00,2330.1375,22.10322622,15.41666667
23-11-22 16:00,1789.5375,22.0666978,15.08333333
23-11-22 17:00,945.3875,22.03016938,15
23-11-22 18:00,938.75,21.99364097,15
23-11-22 19:00,899.2625,21.95711255,15
23-11-22 20:00,965.5,21.92058413,14.25
23-11-22 21:00,1539.35,21.88405572,13.25
23-11-22 22:00,1329.5625,21.8475273,12.25
23-11-22 23:00,771.25,21.81099888,12.25
24-11-22 0:00,899.25,21.77447046,12.58333333
24-11-22 1:00,645.975,21.73794205,12.91666667
24-11-22 2:00,540.075,21.70141363,13
24-11-22 3:00,506.3125,21.66488521,13
24-11-22 4:00,590.6125,21.6283568,13
24-11-22 5:00,537.8625,21.59182838,13
24-11-22 6:00,545.6375,21.55529996,13
24-11-22 7:00,424.0125,21.51877155,13
24-11-22 8:00,515.125,21.82753135,14.25
24-11-22 9:00,596.475,22.50158156,15.91666667
24-11-22 10:00,940.55,23.31495707,17.58333333
24-11-22 11:00,1557.6625,23.31946248,18.5
24-11-22 12:00,1323.6375,23.08575695,19.16666667
24-11-22 13:00,1087.275,22.85205142,19.83333333
24-11-22 14:00,1118.65,22.61834588,19.75
24-11-22 15:00,1795.7125,22.47322039,19.41666667
24-11-22 16:00,1711.1,22.41896794,19.08333333
24-11-22 17:00,2220.35,22.36471549,18.75
24-11-22 18:00,1692.3375,22.31046304,18.41666667
24-11-22 19:00,1211.225,22.25621059,18.08333333
24-11-22 20:00,1628.3125,22.20195814,18
24-11-22 21:00,1943.9375,22.1477057,18
24-11-22 22:00,1419.5875,22.09345325,18
24-11-22 23:00,1279.3,22.0392008,17.25
25-11-22 0:00,1026.675,21.98494835,16.25
25-11-22 1:00,905.0875,21.9306959,15.25
25-11-22 2:00,721.7625,21.87563962,15.25
25-11-22 3:00,563.275,21.8091253,15.58333333
25-11-22 4:00,477.0125,21.74261098,15.91666667
25-11-22 5:00,516.125,21.67609666,15.5
25-11-22 6:00,526.0125,21.60958234,14.83333333
25-11-22 7:00,491.5125,21.54306802,14.16666667
25-11-22 8:00,493.975,21.58725248,14.5
25-11-22 9:00,451.4,21.83477723,15.16666667
25-11-22 10:00,1002.85,22.08230198,15.83333333
25-11-22 11:00,1929.025,22.32982673,16.5
25-11-22 12:00,2209.8,22.59218289,17.16666667
25-11-22 13:00,1601.85,22.70400987,17.83333333
25-11-22 14:00,1758.825,22.60510637,17.75
25-11-22 15:00,1805.475,22.50620286,17.41666667
25-11-22 16:00,1654.875,22.40729936,17.08333333
25-11-22 17:00,1362.225,22.30839586,16.75
25-11-22 18:00,1319.9,22.20949235,16.41666667
25-11-22 19:00,1210.375,22.11058885,16.08333333
25-11-22 20:00,1827.975,22.01168535,16
25-11-22 21:00,2557.45,21.91278184,16
25-11-22 22:00,1357.575,21.81387834,16
25-11-22 23:00,1295.4,21.71497484,16
26-11-22 0:00,1072.225,21.61405199,16
26-11-22 1:00,1275.475,21.49478806,16
26-11-22 2:00,1277.375,21.47291978,15.75
26-11-22 3:00,839.125,21.4510515,15.41666667
26-11-22 4:00,672.125,21.42918322,15.08333333
26-11-22 5:00,704.925,21.40731494,15
26-11-22 6:00,722.85,21.38544666,15
26-11-22 7:00,645.05,21.36357838,15
26-11-22 8:00,679.25,21.3417101,15.25
26-11-22 9:00,978.1125,21.31984182,15.58333333
26-11-22 10:00,1956.0375,21.29797354,15.91666667
26-11-22 11:00,1432.5125,21.27610526,16
26-11-22 12:00,1370.5625,21.25423698,16
26-11-22 13:00,877.15,21.2323687,16
26-11-22 14:00,1791.0875,21.21050042,15.5
26-11-22 15:00,1610.8625,21.18863214,14.83333333
26-11-22 16:00,1518.9,21.16676386,14.16666667
26-11-22 17:00,1033.8625,21.14489558,14.25
26-11-22 18:00,2662.175,21.1230273,14.58333333
26-11-22 19:00,2663.85,21.10115902,14.91666667
26-11-22 20:00,2197.4,21.07929074,15
26-11-22 21:00,2730.775,21.05742246,15
26-11-22 22:00,2402.55,21.03555418,15
26-11-22 23:00,1349.6125,21.0136859,14.25
27-11-22 0:00,1455.35,21.0081789,13.25
27-11-22 1:00,1571.7875,21.03003789,12.25
27-11-22 2:00,1498.3125,21.05189687,12
27-11-22 3:00,879.65,21.07375586,12
27-11-22 4:00,481.7125,21.09561484,12
27-11-22 5:00,477.9625,21.11747383,11.75
27-11-22 6:00,997.9875,21.13933282,11.41666667
27-11-22 7:00,718.65,21.1611918,11.08333333
27-11-22 8:00,678.6625,21.18305079,12
27-11-22 9:00,785.05,21.20490977,13.33333333
27-11-22 10:00,1239.3,21.22676876,14.66666667
27-11-22 11:00,1905.0625,21.24862774,15.5
27-11-22 12:00,2293.6875,21.1882172,16.16666667
27-11-22 13:00,2965.725,21.12229601,16.83333333
27-11-22 14:00,3970.4375,21.05637482,17
27-11-22 15:00,3164.175,20.99045364,17
27-11-22 16:00,1955.275,20.92453245,17
27-11-22 17:00,1488.1125,20.85861126,16
27-11-22 18:00,2902.1875,20.79269007,14.66666667
27-11-22 19:00,2365.95,20.72676889,13.33333333
27-11-22 20:00,1844.5,20.6608477,12.75
27-11-22 21:00,1764.4375,20.59492651,12.41666667
27-11-22 22:00,1548.5875,20.52900532,12.08333333
27-11-22 23:00,1392.4,20.48472079,12
28-11-22 0:00,1118.6125,20.45743649,12
28-11-22 1:00,1094.4125,20.43015219,12
28-11-22 2:00,1184.9375,20.40286788,12
28-11-22 3:00,1204.45,20.37558358,12
28-11-22 4:00,912.75,20.34829928,12
28-11-22 5:00,950.85,20.32101498,12
28-11-22 6:00,911.6,20.29373067,12
28-11-22 7:00,887.2,20.26644637,12
28-11-22 8:00,1130.35,20.39989518,12.75
28-11-22 9:00,1362,20.77725367,13.75
28-11-22 10:00,2123,21.08834451,14.75
28-11-22 11:00,1740.85,21.30396502,15.25
28-11-22 12:00,3084.85,21.48772983,15.58333333
28-11-22 13:00,2180.9,21.36060291,15.91666667
28-11-22 14:00,2856.25,21.2648148,16
28-11-22 15:00,2852.2,21.1690267,16
28-11-22 16:00,2509.125,21.07323859,16
28-11-22 17:00,2087.725,20.97745049,16
28-11-22 18:00,2292.65,20.88166238,16
28-11-22 19:00,2461.5875,20.78587428,16
28-11-22 20:00,2578.2625,20.69008617,15.75
28-11-22 21:00,3214.6375,20.59429807,15.41666667
28-11-22 22:00,1817.1375,20.50051667,15.08333333
28-11-22 23:00,1257.4625,20.53373103,14.75
29-11-22 0:00,2182.5875,20.5669454,14.41666667
29-11-22 1:00,1886.45,20.60015976,14.08333333
29-11-22 2:00,1702.3,20.63337412,14.25
29-11-22 3:00,1038.2375,20.66658849,14.58333333
29-11-22 4:00,991.075,20.69980285,14.91666667
29-11-22 5:00,921.75,20.73301721,15
29-11-22 6:00,923.375,20.76623158,15
29-11-22 7:00,884.4,20.79944594,15
29-11-22 8:00,1020.4375,20.83266031,15.25
29-11-22 9:00,1308.2,20.86587467,15.58333333
29-11-22 10:00,2089.2625,21.06693967,15.91666667
29-11-22 11:00,2603.85,21.39220927,16.25
29-11-22 12:00,2015.9,21.43181496,16.58333333
29-11-22 13:00,3836.75,21.32983485,16.91666667
29-11-22 14:00,2940.4875,21.22785473,17.25
29-11-22 15:00,2490.95,21.12587462,17.58333333
29-11-22 16:00,1748.725,21.02389451,17.91666667
29-11-22 17:00,1128.8,20.92191439,17.25
29-11-22 18:00,1875.025,20.81993428,16.25
29-11-22 19:00,2217.3625,20.71795417,15.25
29-11-22 20:00,3779.575,20.61597405,14.75
29-11-22 21:00,4405.4,20.51399394,14.41666667
29-11-22 22:00,4044.2375,20.5,14.08333333
29-11-22 23:00,1731.275,20.5,13.75
30-11-22 0:00,1426.35,20.5,13.41666667
30-11-22 1:00,1377.6875,20.5,13.08333333
30-11-22 2:00,1163.7875,20.5,13.25
30-11-22 3:00,1980.4125,20.5,13.58333333
30-11-22 4:00,1968.525,20.5,13.91666667
30-11-22 5:00,2004.9375,20.5,14.5
30-11-22 6:00,1947.875,20.5,15.16666667
30-11-22 7:00,1980.275,20.5,15.83333333
30-11-22 8:00,2010.25,20.5,16
30-11-22 9:00,1946.225,20.57881697,16
30-11-22 10:00,2890.9,20.76463301,16
30-11-22 11:00,2372.3,20.95044906,16.5
30-11-22 12:00,2908.925,21.1362651,17.16666667
30-11-22 13:00,2150.875,21.32208114,17.83333333
30-11-22 14:00,3126.9,21.49046016,17.5
30-11-22 15:00,3297.325,21.26599327,16.83333333
30-11-22 16:00,3094.425,21.04152637,16.16666667
30-11-22 17:00,1841.4,20.81705948,16
30-11-22 18:00,2440.825,20.59259259,16
30-11-22 19:00,2995.225,20.46816692,16
30-11-22 20:00,3310.625,20.41398296,15.75
30-11-22 21:00,2668.525,20.35979899,15.41666667
30-11-22 22:00,2476.2,20.30561503,15.08333333
30-11-22 23:00,1910.925,20.25143107,15.25
01-12-22 0:00,1494.025,20.19724711,15.58333333
01-12-22 1:00,999.7,20.14306314,15.91666667
01-12-22 2:00,825.825,20.08887918,15.5
01-12-22 3:00,881.9375,20.03469522,14.83333333
01-12-22 4:00,740.075,19.98051125,14.16666667
01-12-22 5:00,639.15,19.92632729,14.5
01-12-22 6:00,574.3125,19.84875728,15.16666667
01-12-22 7:00,607.2,19.63329028,15.83333333
01-12-22 8:00,617.5875,20.0113594,16.5
01-12-22 9:00,693.4,20.81593284,17.16666667
01-12-22 10:00,1480.775,21.31302997,17.83333333
01-12-22 11:00,1488.35,21.42611525,18.5
01-12-22 12:00,2619.6375,21.33125609,19.16666667
01-12-22 13:00,3270.9875,21.23639693,19.83333333
01-12-22 14:00,3247.05,21.14153777,19.75
01-12-22 15:00,4640.9625,21.04667861,19.41666667
01-12-22 16:00,4913.35,20.95181945,19.08333333
01-12-22 17:00,2721.325,20.85696029,18.5
01-12-22 18:00,1757.0625,20.76210113,17.83333333
01-12-22 19:00,1807.275,20.66724197,17.16666667
01-12-22 20:00,2799.8125,20.57238281,16.75
01-12-22 21:00,2687.45,20.51516966,16.41666667
01-12-22 22:00,2024.8375,20.57919166,16.08333333
01-12-22 23:00,2128.1125,20.64321367,15.25
02-12-22 0:00,1219.15,20.70723567,14.25
02-12-22 1:00,1182.5375,20.77125768,13.25
02-12-22 2:00,1211.8,20.83527968,13.5
02-12-22 3:00,984.4125,20.89930169,14.16666667
02-12-22 4:00,1019.825,20.96332369,14.83333333
02-12-22 5:00,990.775,21.0273457,14.75
02-12-22 6:00,895.1,21.0913677,14.41666667
02-12-22 7:00,1565.975,21.1553897,14.08333333
02-12-22 8:00,1016.375,21.21941171,14.75
02-12-22 9:00,754,21.663794,15.75
02-12-22 10:00,1389.1,22.03985167,16.75
02-12-22 11:00,1143.025,22.41590933,17.75
02-12-22 12:00,3814.675,22.20454545,18.75
02-12-22 13:00,5250.3,21.82399577,19.75
02-12-22 14:00,3360.975,21.48563149,19.75
02-12-22 15:00,2422.2,21.38894622,19.41666667
02-12-22 16:00,2223.875,21.29226094,19.08333333
02-12-22 17:00,1150.475,21.19557566,18
02-12-22 18:00,1733.675,21.08935287,16.66666667
02-12-22 19:00,1559.25,20.94898434,15.33333333
02-12-22 20:00,2257.525,20.80861581,14.75
02-12-22 21:00,1913,20.66824728,14.41666667
02-12-22 22:00,1689.425,20.52787875,14.08333333
02-12-22 23:00,1254,20.48248756,13.75
03-12-22 0:00,1283.6,20.46063494,13.41666667
03-12-22 1:00,1083.4,20.43878232,13.08333333
03-12-22 2:00,804.2,20.41692971,13
03-12-22 3:00,523.15,20.39507709,13
03-12-22 4:00,494.175,20.37322447,13
03-12-22 5:00,459.275,20.35137186,13
03-12-22 6:00,473.1,20.32951924,13
03-12-22 7:00,592.4125,20.30766663,13
03-12-22 8:00,757.5625,20.28581401,13.5
03-12-22 9:00,495.6375,20.26396139,14.16666667
03-12-22 10:00,1651.5375,20.24589696,14.83333333
03-12-22 11:00,1794.75,20.23453471,15.75
03-12-22 12:00,1335.925,20.22317245,16.75
03-12-22 13:00,1449.025,20.21181019,17.75
03-12-22 14:00,1683.1375,20.20044794,18
03-12-22 15:00,1321.9375,20.18908568,18
03-12-22 16:00,1399.2375,20.17772342,18
03-12-22 17:00,1344.5,20.16636116,17.25
03-12-22 18:00,1204.8375,20.15499891,16.25
03-12-22 19:00,2141.15,20.14363665,15.25
03-12-22 20:00,2097.9125,20.13227439,14.5
03-12-22 21:00,2036.325,20.12091214,13.83333333
03-12-22 22:00,1942.65,20.06148676,13.16666667
03-12-22 23:00,842.825,19.9978662,13
04-12-22 0:00,898.0375,19.93424565,13
04-12-22 1:00,934.45,19.87062509,13
04-12-22 2:00,783.65,19.80700453,13
04-12-22 3:00,511.7,19.74338398,13
04-12-22 4:00,482.25,19.67976342,13
04-12-22 5:00,455.3,19.61614286,12.75
04-12-22 6:00,504.2,19.5525223,12.41666667
04-12-22 7:00,484.3,19.50381068,12.08333333
04-12-22 8:00,762.4,19.52565534,12.75
04-12-22 9:00,682.35,19.5475,13.75
04-12-22 10:00,1306.1,19.56934466,14.75
04-12-22 11:00,1511.75,19.59118932,15.25
04-12-22 12:00,2104.2,19.61303398,15.58333333
04-12-22 13:00,2485.1,19.63487864,15.91666667
04-12-22 14:00,922.075,19.6567233,15.5
04-12-22 15:00,1333.425,19.67856796,14.83333333
04-12-22 16:00,1183.0125,19.70041262,14.16666667
04-12-22 17:00,1374.2875,19.72225728,13.75
04-12-22 18:00,1377.275,19.74410194,13.41666667
04-12-22 19:00,1543.55,19.71811144,13.08333333
04-12-22 20:00,1463.225,19.67442848,13
04-12-22 21:00,2032.15,19.63074552,13
04-12-22 22:00,1574.4625,19.58706256,13
04-12-22 23:00,1561.225,19.5433796,12.5
05-12-22 0:00,1464.775,19.49969665,11.83333333
05-12-22 1:00,1314.15,19.45601369,11.16666667
05-12-22 2:00,1106.4625,19.41233073,11
05-12-22 3:00,817.8875,19.36864777,11
05-12-22 4:00,402.3625,19.32496481,11
05-12-22 5:00,434.8625,19.28128185,11
05-12-22 6:00,422.5125,19.21824509,11
05-12-22 7:00,376.5625,19.10638827,11
05-12-22 8:00,783.3875,19.0300889,12.5
05-12-22 9:00,837.2875,19.64554365,14.5
05-12-22 10:00,1096.9125,20.2609984,16.5
05-12-22 11:00,2557.4625,20.47326307,17.25
05-12-22 12:00,2171.4,20.42955147,17.58333333
05-12-22 13:00,2658.625,20.38583987,17.91666667
05-12-22 14:00,2209.375,20.34212827,17.5
05-12-22 15:00,2352.3375,20.29841667,16.83333333
05-12-22 16:00,1846.55,20.25470507,16.16666667
05-12-22 17:00,1863.875,20.21099347,16
05-12-22 18:00,2262,20.16728187,16
05-12-22 19:00,1539.175,20.12357027,16
05-12-22 20:00,2016.8875,20.07985867,16
05-12-22 21:00,2796.1625,20.03614707,16
05-12-22 22:00,2291.65,19.99054255,16
05-12-22 23:00,1834.9,19.93589276,16
06-12-22 0:00,1560.1,19.88124298,16
06-12-22 1:00,1462.95,19.82659319,16
06-12-22 2:00,1029,19.77194341,15.75
06-12-22 3:00,718.65,19.71729362,15.41666667
06-12-22 4:00,454.8,19.66264384,15.08333333
06-12-22 5:00,578.7,19.60799405,15
06-12-22 6:00,541.95,19.55334426,15
06-12-22 7:00,433.1,19.50797108,15
06-12-22 8:00,623.8,19.84164427,15.25
06-12-22 9:00,897.5,20.17531745,15.58333333
06-12-22 10:00,1143.35,20.50986474,15.91666667
06-12-22 11:00,1570.05,20.87597885,16.25
06-12-22 12:00,1683.6,21.24209295,16.58333333
06-12-22 13:00,1592.95,21.44477891,16.91666667
06-12-22 14:00,1752.55,21.25794063,17
06-12-22 15:00,2496.85,21.07110235,17
06-12-22 16:00,2735.1,20.88426406,17
06-12-22 17:00,1761.15,20.69742578,15.25
06-12-22 18:00,1811.35,20.5105875,12.91666667
06-12-22 19:00,2254.95,20.37700109,10.58333333
06-12-22 20:00,2425.1,20.24661355,10.25
06-12-22 21:00,2461.25,20.11622601,10.58333333
06-12-22 22:00,2393.2,19.98583846,10.91666667
06-12-22 23:00,2529.9,19.85545092,11
07-12-22 0:00,1471.15,19.72506338,11
07-12-22 1:00,2054.75,19.59467584,11
07-12-22 2:00,1460.65,19.52067346,11.25
07-12-22 3:00,1144.4,19.59615465,11.58333333
07-12-22 4:00,490.2,19.67163585,11.91666667
07-12-22 5:00,447.6,19.74711704,12
07-12-22 6:00,510.4,19.82259823,12
07-12-22 7:00,1163.7,19.89807942,12
07-12-22 8:00,510.55,19.97356062,12.75
07-12-22 9:00,640.4,20.28005268,13.75
07-12-22 10:00,880.1,20.84841897,14.75
07-12-22 11:00,1802.25,21.48888767,16.25
07-12-22 12:00,2598.6875,21.35685994,17.91666667
07-12-22 13:00,1634.8125,21.22483221,19.58333333
07-12-22 14:00,2298.75,21.09280449,19.5
07-12-22 15:00,2123.5,20.96077676,18.83333333
07-12-22 16:00,2151.775,20.82874904,18.16666667
07-12-22 17:00,1444.5125,20.69672131,17.75
07-12-22 18:00,1947.1125,20.56469359,17.41666667
07-12-22 19:00,2244.375,20.47236014,17.08333333
07-12-22 20:00,2404.5375,20.41816434,17
07-12-22 21:00,2689.4875,20.36396853,17
07-12-22 22:00,2021.3875,20.30977273,17
07-12-22 23:00,1411.0375,20.25557692,16.75
08-12-22 0:00,1433.575,20.20138112,16.41666667
08-12-22 1:00,1363.925,20.14718531,16.08333333
08-12-22 2:00,1149.1,20.09298951,15.75
08-12-22 3:00,1164.175,20.03879371,15.41666667
08-12-22 4:00,807.925,19.9845979,15.08333333
08-12-22 5:00,545.775,19.9304021,15.25
08-12-22 6:00,508.45,19.88,15.58333333
08-12-22 7:00,474.75,19.88,15.91666667
08-12-22 8:00,979.6,20.29823286,16.5
08-12-22 9:00,1105.375,20.96919466,17.16666667
08-12-22 10:00,1232.225,21.48391874,17.83333333
08-12-22 11:00,1585.175,21.40693397,18.75
08-12-22 12:00,1917.75,21.32994921,19.75
08-12-22 13:00,2134.925,21.25296445,20.75
08-12-22 14:00,1941.55,21.17597968,21
08-12-22 15:00,1996.975,21.09899492,21
08-12-22 16:00,1687.425,21.02201016,21
08-12-22 17:00,1824,20.94502539,20.5
08-12-22 18:00,1754.325,20.86804063,19.83333333
08-12-22 19:00,1855.925,20.79105587,19.16666667
08-12-22 20:00,1576.25,20.7140711,19
08-12-22 21:00,1830.25,20.63708634,19
08-12-22 22:00,1791.2,20.57293203,19
08-12-22 23:00,1515.525,20.51243766,18.25
09-12-22 0:00,1202.470455,20.4519433,17.25
09-12-22 1:00,1217.417045,20.39144894,16.25
09-12-22 2:00,1054.2375,20.33095458,15.5
09-12-22 3:00,1134.8625,20.27046021,14.83333333
09-12-22 4:00,603.0125,20.20996585,14.16666667
09-12-22 5:00,631,20.14947149,14.25
09-12-22 6:00,537.8625,20.08897712,14.58333333
09-12-22 7:00,506.6691964,20.02848276,14.91666667
09-12-22 8:00,393.1339286,20.76969697,15.75
09-12-22 9:00,1364.884375,21.379635,16.75
09-12-22 10:00,1430.6125,21.82529281,17.75
09-12-22 11:00,3436.55,22.32724484,18.5
09-12-22 12:00,2047.95,22.38310145,19.16666667
09-12-22 13:00,3036.1125,22.20485716,19.83333333
09-12-22 14:00,2874.025,22.02661286,20
09-12-22 15:00,2448.525,21.84836857,20
09-12-22 16:00,2305.175,21.67012428,20
09-12-22 17:00,1710.5,21.49577983,19.5
09-12-22 18:00,2144.35,21.40314197,18.83333333
09-12-22 19:00,3372.6,21.3105041,18.16666667
09-12-22 20:00,2494,21.21786624,17.5
09-12-22 21:00,2528.825,21.12522838,16.83333333
09-12-22 22:00,1689.05,21.03259051,16.16666667
09-12-22 23:00,1316.625,20.93995265,15.75
10-12-22 0:00,1263.975,20.84731479,15.41666667
10-12-22 1:00,1204.625,20.75467693,15.08333333
10-12-22 2:00,1731.25,20.66203906,14.75
10-12-22 3:00,1503.475,20.5694012,14.41666667
10-12-22 4:00,1098.925,20.55371802,14.08333333
10-12-22 5:00,1066.425,20.76787626,14.75
10-12-22 6:00,1004.35,20.9820345,15.75
10-12-22 7:00,810.8,21.19619274,16.75
10-12-22 8:00,777.925,21.41035098,17.25
10-12-22 9:00,792.3,21.46186039,17.58333333
10-12-22 10:00,1837.95,21.39625954,17.91666667
10-12-22 11:00,1578.875,21.33065868,19
10-12-22 12:00,2579.45,21.26505783,20.33333333
10-12-22 13:00,2480.65,21.19945697,21.66666667
10-12-22 14:00,2687.9625,21.13385612,21.75
10-12-22 15:00,1283.45,21.06825526,21.41666667
10-12-22 16:00,1131.0625,21.0026544,21.08333333
10-12-22 17:00,1032.35,20.93705355,20.5
10-12-22 18:00,2037.7875,20.87145269,19.83333333
10-12-22 19:00,1607.8,20.80585184,19.16666667
10-12-22 20:00,1667.325,20.73787618,18.75
10-12-22 21:00,1944.9625,20.65629532,18.41666667
10-12-22 22:00,1866.925,20.57471447,18.08333333
10-12-22 23:00,1443.175,20.5008834,18.5
11-12-22 0:00,986.2875,20.51137929,19.16666667
11-12-22 1:00,924.6875,20.52187517,19.83333333
11-12-22 2:00,903.275,20.53237105,20
11-12-22 3:00,643.075,20.54286693,20
11-12-22 4:00,510.9625,20.55336281,20
11-12-22 5:00,424.1125,20.56385869,20
11-12-22 6:00,468.0375,20.57435458,20
11-12-22 7:00,477.7625,20.58485046,20
11-12-22 8:00,693.25,20.59534634,20
11-12-22 9:00,597.725,20.60584222,20
11-12-22 10:00,1043.25,20.6163381,20
11-12-22 11:00,1519.5,20.60632904,19.75
11-12-22 12:00,2012.2125,20.58533269,19.41666667
11-12-22 13:00,1088.525,20.56433633,19.08333333
11-12-22 14:00,1537.4625,20.54333998,19
11-12-22 15:00,1674.025,20.52234362,19
11-12-22 16:00,1344.625,20.50134727,19
11-12-22 17:00,1092.8,20.48035091,18.5
11-12-22 18:00,888.025,20.45935456,17.83333333
11-12-22 19:00,1125.5,20.4383582,17.16666667
11-12-22 20:00,1302.05,20.41736185,17.25
11-12-22 21:00,1868.8,20.39636549,17.58333333
11-12-22 22:00,1638.1,20.34883884,17.91666667
11-12-22 23:00,2127,20.20755396,17.75
12-12-22 0:00,1251.25,20.06626909,17.41666667
12-12-22 1:00,830.9,19.92498422,17.08333333
12-12-22 2:00,519.575,19.78369934,16.5
12-12-22 3:00,493.75,19.64241447,15.83333333
12-12-22 4:00,356.95,19.5011296,15.16666667
12-12-22 5:00,364.2,19.35984472,14.75
12-12-22 6:00,399.55,19.21855985,14.41666667
12-12-22 7:00,423.75,19.07727498,14.08333333
12-12-22 8:00,430.45,18.12625,14.5
12-12-22 9:00,676.275,19.06805293,15.16666667
12-12-22 10:00,829.75,20.11003861,15.83333333
12-12-22 11:00,1561.775,20.80518639,16.75
12-12-22 12:00,2074.9,21.38865478,17.75
12-12-22 13:00,1804.4625,21.38451475,18.75
12-12-22 14:00,1408.2125,21.24179353,19
12-12-22 15:00,1113.408824,21.09907231,19
12-12-22 16:00,1125.529412,20.95635109,19
12-12-22 17:00,2675.086765,20.81362988,18
12-12-22 18:00,1168.898377,20.67090866,16.66666667
12-12-22 19:00,3161.176623,20.52818744,15.33333333
12-12-22 20:00,986.9496855,20.5,15.25
12-12-22 21:00,967.3962264,20.47946299,15.58333333
12-12-22 22:00,3515.104088,20.42183771,15.91666667
12-12-22 23:00,1967,20.36421243,16
13-12-22 0:00,1493.2,20.30658715,16
13-12-22 1:00,1647.75,20.24896187,16
13-12-22 2:00,971.45,20.19133659,16
13-12-22 3:00,530.85,20.13371131,16
13-12-22 4:00,412.45,20.07608602,16
13-12-22 5:00,427.45,20.01846074,15.5
13-12-22 6:00,487.65,19.96083546,14.83333333
13-12-22 7:00,483.85,19.90321018,14.16666667
13-12-22 8:00,425.0125,20.30331065,15.25
13-12-22 9:00,528.0375,21.01210987,16.91666667
13-12-22 10:00,1112.2,21.47954347,18.58333333
13-12-22 11:00,1247.05,21.41390753,19.25
13-12-22 12:00,2570.35,21.34827159,19.58333333
13-12-22 13:00,1947.15,21.28263565,19.91666667
13-12-22 14:00,1469.575,21.21699971,19.75
13-12-22 15:00,2386.25,21.15136377,19.41666667
13-12-22 16:00,1569.7,21.08572783,19.08333333
13-12-22 17:00,1517.2,21.02009189,18.5
13-12-22 18:00,1364.375,20.95445595,17.83333333
13-12-22 19:00,1297.875,20.88882001,17.16666667
13-12-22 20:00,1384.75,20.82318407,16.75
13-12-22 21:00,1581.575,20.75754813,16.41666667
13-12-22 22:00,1329.4,20.80207357,16.08333333
13-12-22 23:00,1164.625,20.86091377,16
14-12-22 0:00,1299.725,20.91975396,16
14-12-22 1:00,1074.075,20.97859416,16
14-12-22 2:00,750.9,21.03743435,15.75
14-12-22 3:00,407.025,21.09627454,15.41666667
14-12-22 4:00,342.475,21.15511474,15.08333333
14-12-22 5:00,379.725,21.21395493,15.25
14-12-22 6:00,401.825,21.27279513,15.58333333
14-12-22 7:00,427.6,21.33163532,15.91666667
14-12-22 8:00,641.375,21.39047552,16.25
14-12-22 9:00,909.775,21.44931571,16.58333333
14-12-22 10:00,1719.125,21.5297307,16.91666667
14-12-22 11:00,1824.3875,21.74422069,17.25
14-12-22 12:00,2864.95,21.95871068,17.58333333
14-12-22 13:00,4178,22.17320067,17.91666667
14-12-22 14:00,2931.35,22.38769066,18
14-12-22 15:00,1900.95,22.25270368,18
14-12-22 16:00,2477.3375,21.73359769,18
14-12-22 17:00,1949.5375,21.5,17.25
14-12-22 18:00,2462.175,21.5,16.25
14-12-22 19:00,1466.722115,21.5,15.25
14-12-22 20:00,728.5788462,21.5,14.75
14-12-22 21:00,728.5788462,21.5,14.41666667
14-12-22 22:00,728.5788462,21.5,14.08333333
14-12-22 23:00,728.5788462,21.5,14
15-12-22 0:00,728.5788462,21.5,14
15-12-22 1:00,728.5788462,21.5,14
15-12-22 2:00,728.5788462,21.5,14.5
15-12-22 3:00,728.5788462,21.5,15.16666667
15-12-22 4:00,6980.659615,21.5,15.83333333
15-12-22 5:00,465.95,21.5,15.75
15-12-22 6:00,493.8,21.5,15.41666667
15-12-22 7:00,436.45,21.5,15.08333333
15-12-22 8:00,487,21.5,16
15-12-22 9:00,833.65,23.8525551,17.33333333
15-12-22 10:00,1047.05,23.65455582,18.66666667
15-12-22 11:00,1565.45,23.45655653,20
15-12-22 12:00,2184.05,23.25855725,21.33333333
15-12-22 13:00,2351.1875,23.06055797,22.66666667
15-12-22 14:00,2697.475,22.86255869,23.25
15-12-22 15:00,2038.825,22.6645594,23.58333333
15-12-22 16:00,2154.9875,22.48060301,23.91666667
15-12-22 17:00,1607.2625,22.36575238,20.75
15-12-22 18:00,1377.1625,22.25090175,16.41666667
15-12-22 19:00,1456.7125,22.13605112,12.08333333
15-12-22 20:00,1488.5875,22.0212005,12.75
15-12-22 21:00,1715.625,21.90634987,15.08333333
15-12-22 22:00,1557.55,21.79149924,17.41666667
15-12-22 23:00,1362,21.67664861,18
16-12-22 0:00,1179.1125,21.56179799,18
16-12-22 1:00,1099.7375,21.44694736,18
16-12-22 2:00,1111,21.33209673,17.75
16-12-22 3:00,894.1125,21.21724611,17.41666667
16-12-22 4:00,578.3625,21.10239548,17.08333333
16-12-22 5:00,547.4,20.98754485,16.75
16-12-22 6:00,619.1125,20.86596678,16.41666667
16-12-22 7:00,523.2375,20.6453572,16.08333333
16-12-22 8:00,567.225,20.87066103,16.5
16-12-22 9:00,640.975,22.87598326,17.16666667
16-12-22 10:00,1286.85,22.8532112,17.83333333
16-12-22 11:00,1257.675,22.83043914,19.5
16-12-22 12:00,1762.4125,22.80766708,21.5
16-12-22 13:00,1737.8875,22.78489502,23.5
16-12-22 14:00,1190.975,22.76212296,23.75
16-12-22 15:00,2490.95,22.7393509,23.41666667
16-12-22 16:00,1445.2,22.71657884,23.08333333
16-12-22 17:00,1733,22.69380678,22.25
16-12-22 18:00,1228.55,22.67103472,21.25
16-12-22 19:00,1712.35,22.64826266,20.25
16-12-22 20:00,2339.95,22.6254906,19.25
16-12-22 21:00,1598.5,22.61202297,18.25
16-12-22 22:00,1679,22.60151151,17.25
16-12-22 23:00,1264.5625,22.59100005,17.5
17-12-22 0:00,1278.1375,22.58048859,18.16666667
17-12-22 1:00,1328.45,22.56997713,18.83333333
17-12-22 2:00,1265.075,22.55946567,18.75
17-12-22 3:00,758.85,22.54895421,18.41666667
17-12-22 4:00,639.525,22.53844275,18.08333333
17-12-22 5:00,500.375,22.52793129,18
17-12-22 6:00,492.5,22.51741983,18
17-12-22 7:00,465.175,22.50690837,18
17-12-22 8:00,431.625,22.70039068,18.25
17-12-22 9:00,438.875,23.28499882,18.58333333
17-12-22 10:00,1412.3,23.86960697,18.91666667
17-12-22 11:00,1156.9875,23.77466158,20.5
17-12-22 12:00,1065.225,23.66741659,22.5
17-12-22 13:00,1489.1125,23.56017159,24.5
17-12-22 14:00,1405.1375,23.4529266,24.75
17-12-22 15:00,961.45,23.3456816,24.41666667
17-12-22 16:00,1112.05,23.23843661,24.08333333
17-12-22 17:00,818.4,23.13119161,22.75
17-12-22 18:00,870.2875,23.02394662,21.08333333
17-12-22 19:00,1050.5,22.91670162,19.41666667
17-12-22 20:00,1291.3,22.92818689,18.75
17-12-22 21:00,1551.15,23.00144398,18.41666667
17-12-22 22:00,1386.2,23.07470107,18.08333333
17-12-22 23:00,751.05,23.14795816,18
18-12-22 0:00,650.55,23.22121525,18
18-12-22 1:00,635,23.29447235,18
18-12-22 2:00,562.25,23.36772944,18
18-12-22 3:00,619.35,23.44098653,18
18-12-22 4:00,501.9,23.51424362,18
18-12-22 5:00,433.45,23.58750071,17
18-12-22 6:00,441.275,23.6607578,15.66666667
18-12-22 7:00,472.3125,23.7340149,14.33333333
18-12-22 8:00,540.275,23.80727199,15
18-12-22 9:00,989.825,23.87932672,16.33333333
18-12-22 10:00,761.55,23.78610353,17.66666667
18-12-22 11:00,1681.9375,23.69288034,19
18-12-22 12:00,1868.1,23.59965715,20.33333333
18-12-22 13:00,1647.6125,23.50643395,21.66666667
18-12-22 14:00,1195.4875,23.41321076,22
18-12-22 15:00,1356.25,23.31998757,22
18-12-22 16:00,1006.2125,23.22676438,22
18-12-22 17:00,1081.5375,23.13354119,20.5
18-12-22 18:00,1118.8625,23.04031799,18.5
18-12-22 19:00,1367.6375,22.9470948,16.5
18-12-22 20:00,1359.425,22.87680727,15.5
18-12-22 21:00,1613.9,22.86541598,14.83333333
18-12-22 22:00,1158.175,22.85402468,14.16666667
18-12-22 23:00,2414.425,22.84263339,13.75
19-12-22 0:00,1529.8,22.83124209,13.41666667
19-12-22 1:00,1577.05,22.81985079,13.08333333
19-12-22 2:00,1440.075,22.8084595,13.25
19-12-22 3:00,897.3,22.7970682,13.58333333
19-12-22 4:00,815.8125,22.78567691,13.91666667
19-12-22 5:00,894.1,22.77428561,14.5
19-12-22 6:00,907.9875,22.76289431,15.16666667
19-12-22 7:00,1205.5375,22.75150302,15.83333333
19-12-22 8:00,998.8125,22.74273851,16.25
19-12-22 9:00,960.925,22.57728685,16.58333333
19-12-22 10:00,2783.05,22.41183518,16.91666667
19-12-22 11:00,2744,22.24638352,17.25
19-12-22 12:00,2828.2,22.08093185,17.58333333
19-12-22 13:00,3139.9,21.91548019,17.91666667
19-12-22 14:00,4451.360606,21.85321872,17.75
19-12-22 15:00,3409.151894,21.81912657,17.41666667
19-12-22 16:00,3437.15,21.78503442,17.08333333
19-12-22 17:00,3227.5875,21.75094227,16.75
19-12-22 18:00,2253.375,21.71685012,16.41666667
19-12-22 19:00,2826.925,21.68275797,16.08333333
19-12-22 20:00,2660.25,21.64866582,15.75
19-12-22 21:00,2483.75,21.61126164,15.41666667
19-12-22 22:00,2812.825,21.55636098,15.08333333
19-12-22 23:00,1808.825,21.50146031,14.75
20-12-22 0:00,1700.7,21.44655964,14.41666667
20-12-22 1:00,1345.825,21.39165897,14.08333333
20-12-22 2:00,1372.15,21.33675831,13.75
20-12-22 3:00,1026.5,21.28185764,13.41666667
20-12-22 4:00,573.2,21.21204291,13.08333333
20-12-22 5:00,625.05,21.12160907,13
20-12-22 6:00,686.6625,21.03117523,13
20-12-22 7:00,644.0375,20.94074139,13
20-12-22 8:00,989.5125,20.94990636,13.25
20-12-22 9:00,1031.7375,21.51067454,13.58333333
20-12-22 10:00,1872.1875,21.86883057,13.91666667
20-12-22 11:00,1554.2125,21.84383991,14.25
20-12-22 12:00,2652.5375,21.81884926,14.58333333
20-12-22 13:00,2940.7375,21.7938586,14.91666667
20-12-22 14:00,3314.95,21.76886794,14.75
20-12-22 15:00,2738.4,21.70242482,14.41666667
20-12-22 16:00,2318.65,21.50824044,14.08333333
20-12-22 17:00,2162.05,21.31405605,13.75
20-12-22 18:00,1794.375,21.11987166,13.41666667
20-12-22 19:00,1474.275,20.92568727,13.08333333
20-12-22 20:00,2226.95,20.83790009,13.25
20-12-22 21:00,2167.125,20.78284754,13.58333333
20-12-22 22:00,2447.4875,20.72779499,13.91666667
20-12-22 23:00,2469.0375,20.67274243,14
21-12-22 0:00,1733.75,20.61768988,14
21-12-22 1:00,1821.65,20.56263733,14
21-12-22 2:00,860.725,20.50758478,13.75
21-12-22 3:00,566.45,20.45253222,13.41666667
21-12-22 4:00,499.075,20.39747967,13.08333333
21-12-22 5:00,511.05,20.34242712,13
21-12-22 6:00,499.075,20.28737457,13
21-12-22 7:00,894.875,20.22326249,13
21-12-22 8:00,569.825,20.13999687,13.25
21-12-22 9:00,748.875,20.05673126,13.58333333
21-12-22 10:00,2163.5,19.97346565,13.91666667
21-12-22 11:00,2561.725,19.89020004,14.25
21-12-22 12:00,2140.45,19.84998684,14.58333333
21-12-22 13:00,2372.9875,19.81578382,14.91666667
21-12-22 14:00,1969.2125,19.78158079,15
21-12-22 15:00,2335.35,19.74912955,15
21-12-22 16:00,1727.425,19.73777584,15
21-12-22 17:00,2427.15,19.72642213,14.5
21-12-22 18:00,1820.7,19.71506841,13.83333333
21-12-22 19:00,2240.9,19.7037147,13.16666667
21-12-22 20:00,2675.1,19.69236099,12.75
21-12-22 21:00,2708,19.68100728,12.41666667
21-12-22 22:00,3369.4,19.66965357,12.08333333
21-12-22 23:00,2547.55,19.65829985,11.75
22-12-22 0:00,1953.2,19.64694614,11.41666667
22-12-22 1:00,1033.35,19.63559243,11.08333333
22-12-22 2:00,769.6,19.62423872,11.25
22-12-22 3:00,591.35,19.59118161,11.58333333
22-12-22 4:00,535.3,19.54519481,11.91666667
22-12-22 5:00,552.55,19.49920801,12.25
22-12-22 6:00,580.3375,19.45322121,12.58333333
22-12-22 7:00,520.8625,19.4072344,12.91666667
22-12-22 8:00,1364.0125,19.57136178,13.5
22-12-22 9:00,1482.575,20.04064135,14.16666667
22-12-22 10:00,2141.0625,20.50992092,14.83333333
22-12-22 11:00,2806.8875,21.11357888,14.75
22-12-22 12:00,2299.2875,22.01350278,14.41666667
22-12-22 13:00,3331.775,22.44923263,14.08333333
22-12-22 14:00,2968.1125,22.89333333,14
22-12-22 15:00,2948.0625,22.45197547,14
22-12-22 16:00,2808.95,21.84947698,14
22-12-22 17:00,2157.125,21.25551559,13.75
22-12-22 18:00,2052.55,20.80245793,13.41666667
22-12-22 19:00,2612.675,20.59161848,13.08333333
22-12-22 20:00,2473.425,20.38077903,12.75
22-12-22 21:00,2537.475,20.19660156,12.41666667
22-12-22 22:00,2529.325,20.05597656,12.08333333
22-12-22 23:00,2669.225,19.91535156,11.25
23-12-22 0:00,2224.925,19.95114702,10.25
23-12-22 1:00,1485.2,20.04618571,9.25
23-12-22 2:00,1894.925,20.1412244,9
23-12-22 3:00,1594.45,20.23626309,9
23-12-22 4:00,1338.975,20.33130178,9
23-12-22 5:00,739.925,20.42634046,8.75
23-12-22 6:00,825.8,20.52137915,8.416666667
23-12-22 7:00,836.225,20.61641784,8.083333333
23-12-22 8:00,947.35,20.71145653,9.25
23-12-22 9:00,840.475,22.20066667,10.91666667
23-12-22 10:00,1431.3,22.60682051,12.58333333
23-12-22 11:00,1855.275,22.99647347,14
23-12-22 12:00,2750.45,22.88607789,15.33333333
23-12-22 13:00,2996.825,22.77568231,16.66666667
23-12-22 14:00,4051.5,22.66528672,17
23-12-22 15:00,3185.4625,22.55489114,17
23-12-22 16:00,2459.0625,22.09598214,17
23-12-22 17:00,1545.6375,21.29241071,16.5
23-12-22 18:00,1913.375,21.04928189,15.83333333
23-12-22 19:00,2053.7625,20.83738007,15.16666667
23-12-22 20:00,2545.9125,20.62547825,14.25
23-12-22 21:00,2323.3625,20.41357643,13.25
23-12-22 22:00,2894.1,20.25,12.25
23-12-22 23:00,2234.875,20.25,12.25
24-12-22 0:00,1274.4625,20.26035203,12.58333333
24-12-22 1:00,1155.1625,20.27171401,12.91666667
24-12-22 2:00,598.4834906,20.28307599,13.25
24-12-22 3:00,1142.016509,20.29443797,13.58333333
24-12-22 4:00,1444.05,20.30579995,13.91666667
24-12-22 5:00,1526.2125,20.31716193,13.5
24-12-22 6:00,1194.775,20.32852391,12.83333333
24-12-22 7:00,466.325,20.33988589,12.16666667
24-12-22 8:00,850.5875,20.35124788,12.5
24-12-22 9:00,866.975,20.36260986,13.16666667
24-12-22 10:00,1408.55,20.37397184,13.83333333
24-12-22 11:00,2303.8,20.32889614,14.5
24-12-22 12:00,1263.225,20.22003586,15.16666667
24-12-22 13:00,1066.7,20.11117557,15.83333333
24-12-22 14:00,1339.925,20.00231529,16
24-12-22 15:00,1392.425,19.893455,16
24-12-22 16:00,1276,19.78459472,16
24-12-22 17:00,1295.5,19.67573443,15.25
24-12-22 18:00,1263,19.56687415,14.25
24-12-22 19:00,1669.9,19.45801386,13.25
24-12-22 20:00,2055.75,19.34915358,12.25
24-12-22 21:00,4228.275,19.24610569,11.25
24-12-22 22:00,3998.0875,19.20243121,10.25
24-12-22 23:00,3527.5375,19.15875673,10
25-12-22 0:00,2280.9,19.11508225,10
25-12-22 1:00,2106,19.07140777,10
25-12-22 2:00,1466.15,19.02773329,10
25-12-22 3:00,1450.55,18.98405881,10
25-12-22 4:00,1142.5,18.94038434,10
25-12-22 5:00,570.75,18.89670986,10
25-12-22 6:00,513.55,18.85303538,10
25-12-22 7:00,511.35,18.8093609,10
25-12-22 8:00,604.75,18.76568642,10
25-12-22 9:00,722.4,18.75,10
25-12-22 10:00,875.2,18.75,10
25-12-22 11:00,1772,18.75,11.5
25-12-22 12:00,1182.2,18.75,13.5
25-12-22 13:00,2216.4,18.75,15.5
25-12-22 14:00,1301,18.75,16
25-12-22 15:00,1854.45,18.75,16
25-12-22 16:00,958.1375,18.75,16
25-12-22 17:00,1112.4625,18.75,16
25-12-22 18:00,1975.5375,18.75,16
25-12-22 19:00,1801.675,18.75,16
25-12-22 20:00,2635.9375,18.75,16
25-12-22 21:00,2488.95,18.75,16
25-12-22 22:00,2112.3125,18.75,16
25-12-22 23:00,1155.6125,18.75,15.75
26-12-22 0:00,1266.1875,18.75,15.41666667
26-12-22 1:00,848.05,18.75,15.08333333
26-12-22 2:00,786.2625,18.75,15
26-12-22 3:00,987.575,18.75,15
26-12-22 4:00,661.0875,18.75,15
26-12-22 5:00,654.625,18.75,15
26-12-22 6:00,561.7,18.75,15
26-12-22 7:00,569.55,19.13456198,15
26-12-22 8:00,546.7875,19.81620803,15.25
26-12-22 9:00,721.05,20.69027088,15.58333333
26-12-22 10:00,1375.05,20.44647856,15.91666667
26-12-22 11:00,1879.55,20.20268623,16.25
26-12-22 12:00,1784.675,19.95889391,16.58333333
26-12-22 13:00,1917,19.71510158,16.91666667
26-12-22 14:00,1903.55,19.47130926,17
26-12-22 15:00,2991.225,19.24492847,17
26-12-22 16:00,1778.25,19.18993599,17
26-12-22 17:00,1649.175,19.1349435,16.25
26-12-22 18:00,2450.3,19.07995102,15.25
26-12-22 19:00,3901.575,19.02495854,14.25
26-12-22 20:00,5742.325,18.96996605,13.25
26-12-22 21:00,4175.9375,18.91497357,12.25
26-12-22 22:00,3592.65,18.85998109,11.25
26-12-22 23:00,2506.1875,18.8049886,10.75
27-12-22 0:00,1980.775,18.74999612,10.41666667
27-12-22 1:00,2883.1875,18.69500364,10.08333333
27-12-22 2:00,2238.4875,18.64001115,10
27-12-22 3:00,2134.1875,18.54044878,10
27-12-22 4:00,1426.3625,18.4153901,10
27-12-22 5:00,1107.9,18.29033142,10
27-12-22 6:00,599.425,18.46580251,10
27-12-22 7:00,556.1375,18.78433021,10
27-12-22 8:00,678.425,19.1028579,11
27-12-22 9:00,683.75,20.27246084,12.33333333
27-12-22 10:00,1275.8625,20.36112206,13.66666667
27-12-22 11:00,1901.3,20.44978327,15
27-12-22 12:00,2646.65,20.43913566,16.33333333
27-12-22 13:00,2276.25,20.29876946,17.66666667
27-12-22 14:00,2232.95,20.15840326,18.25
27-12-22 15:00,2834.74,20.01803706,18.58333333
27-12-22 16:00,2001.2975,19.87767086,18.91666667
27-12-22 17:00,1924.9625,19.73730466,18.25
27-12-22 18:00,1566.5,19.59693846,17.25
27-12-22 19:00,1866.1375,19.45657226,16.25
27-12-22 20:00,1818.4375,19.31620606,15.25
27-12-22 21:00,1923.675,19.20300687,14.25
27-12-22 22:00,1705.9125,19.11406088,13.25
27-12-22 23:00,1428.4,19.02511489,12.75
28-12-22 0:00,1038.65,18.9361689,12.41666667
28-12-22 1:00,1071.425,18.84722291,12.08333333
28-12-22 2:00,966.975,18.75827692,11.5
28-12-22 3:00,649.025,18.66933093,10.83333333
28-12-22 4:00,609.0625,18.58038494,10.16666667
28-12-22 5:00,535.375,18.49143895,10
28-12-22 6:00,576.975,18.40249296,10
28-12-22 7:00,494.825,18.31354697,10
28-12-22 8:00,642.65,19.23467433,11
28-12-22 9:00,726.725,21.64707415,12.33333333
28-12-22 10:00,1005.45,22.04909917,13.66666667
28-12-22 11:00,1020.25,22.15376189,15.25
28-12-22 12:00,1526.75,21.96139254,16.91666667
28-12-22 13:00,2872,21.76902319,18.58333333
28-12-22 14:00,1614.175,21.57665384,18.75
28-12-22 15:00,1370.075,21.38428449,18.41666667
28-12-22 16:00,2057.75,21.12320618,18.08333333
28-12-22 17:00,2425.975,20.71299213,17.25
28-12-22 18:00,1628.725,20.31614173,16.25
28-12-22 19:00,1739.525,20.17415816,15.25
28-12-22 20:00,1740.9625,20.08314794,14.5
28-12-22 21:00,1708.75,19.99213773,13.83333333
28-12-22 22:00,1782.525,19.90112752,13.16666667
28-12-22 23:00,1798.4375,19.8101173,13.25
29-12-22 0:00,1621.5875,19.71910709,13.58333333
29-12-22 1:00,1079.9,19.62809688,13.91666667
29-12-22 2:00,1470.5125,19.53708666,14
29-12-22 3:00,1466.3625,19.44607645,14
29-12-22 4:00,681.5875,19.35506624,14
29-12-22 5:00,683.3625,19.26405602,13.75
29-12-22 6:00,588.1375,19.50332889,13.41666667
29-12-22 7:00,539.7125,19.80292943,13.08333333
29-12-22 8:00,682.6375,20.10252996,13.75
29-12-22 9:00,739.6,21.22899997,14.75
29-12-22 10:00,1789.15,21.10320941,15.75
29-12-22 11:00,1657.1,20.97741885,16.25
29-12-22 12:00,1753,20.85162829,16.58333333
29-12-22 13:00,3222.45,20.72583773,16.91666667
29-12-22 14:00,2374.3,20.60004717,17.25
29-12-22 15:00,3573.55,20.47425661,17.58333333
29-12-22 16:00,4166.1,20.34846605,17.91666667
29-12-22 17:00,2077.75,20.2255541,17
29-12-22 18:00,2958.625,20.11301541,15.66666667
29-12-22 19:00,2874.9375,20.00047673,14.33333333
29-12-22 20:00,2862.5875,19.88793804,13.25
29-12-22 21:00,3142.7875,19.77539936,12.25
29-12-22 22:00,2675.7625,19.66286067,11.25
29-12-22 23:00,2888.2625,19.55032199,10.75
30-12-22 0:00,1761.8175,19.4377833,10.41666667
30-12-22 1:00,2348.645,19.32524462,10.08333333
30-12-22 2:00,2229.9,19.29898177,10.25
30-12-22 3:00,979.25,19.44678929,10.58333333
30-12-22 4:00,659.05,19.59459681,10.91666667
30-12-22 5:00,618.3,19.74240434,11
30-12-22 6:00,628.025,19.89021186,11
30-12-22 7:00,578.975,20.03801938,11
30-12-22 8:00,793,20.1858269,11.5
30-12-22 9:00,663.025,21.08443733,12.16666667
30-12-22 10:00,1169.6,20.97612462,12.83333333
30-12-22 11:00,1687.08,20.86781191,14
30-12-22 12:00,2586.945,20.7594992,15.33333333
30-12-22 13:00,2171.0875,20.65118649,16.66666667
30-12-22 14:00,2230.7875,20.54287378,17
30-12-22 15:00,2298.05,20.37450958,17
30-12-22 16:00,1769.15,20.16680129,17
30-12-22 17:00,2015.7,19.96667293,16.5
30-12-22 18:00,1793.05,19.79745229,15.83333333
30-12-22 19:00,2027.25,19.62823164,15.16666667
30-12-22 20:00,2403.55,19.48413353,14.25
30-12-22 21:00,2500.15,19.41862976,13.25
30-12-22 22:00,4324.15,19.35312599,12.25
30-12-22 23:00,1988.7,19.28762221,11.75
31-12-22 0:00,1555.15,19.22211844,11.41666667
31-12-22 1:00,1659.05,19.15661467,11.08333333
31-12-22 2:00,1886.2,19.0911109,11
31-12-22 3:00,1696.8875,19.02560712,11
31-12-22 4:00,783.125,18.96010335,11
31-12-22 5:00,703.725,18.89459958,10.75
31-12-22 6:00,621.7375,18.82909581,10.41666667
31-12-22 7:00,585.5875,18.76359203,10.08333333
31-12-22 8:00,704.975,18.77562098,10.75
31-12-22 9:00,766.7125,18.80795029,11.75
31-12-22 10:00,1943.8875,18.8402796,12.75
31-12-22 11:00,2191.9625,18.87260892,14
31-12-22 12:00,2002.075,18.90493823,15.33333333
31-12-22 13:00,3610.975,18.93726754,16.66666667
31-12-22 14:00,2269.575,18.96959685,17
31-12-22 15:00,1892.375,19.00192617,17
31-12-22 16:00,2260.075,19.03425548,17
31-12-22 17:00,1829.45,19.06658479,15.75
31-12-22 18:00,3007.3,19.0989141,14.08333333
